JOB=1655216 NODE=g005 CPUS=16 TASK=20260910T072310Z-ed12488d-695d-4571-b625-b28e66a96e5a.task
d3d0e1254d0b659f79a284fe22e3c9031a146a71781327ba50cfe50b6116f577  /net/scratch2/junyuren/pb_conjecture_compute/session-20260910.3rAqlh/running/20260910T072310Z-ed12488d-695d-4571-b625-b28e66a96e5a.task
JOB=1655216
NODE=g005
FRESH_SOURCE_ROOT=/tmp/pb8-1655216.1Zr6aP/final01.2eTBg9
BUILD_START PBCounterexample.Basic
BUILD_START PBCounterexample.Laplacian
BUILD_START PBCounterexample.QuadraticForms
BUILD_START PBCounterexample.RadialScalar
BUILD_END PBCounterexample.Basic EXIT=0
BUILD_START PBCounterexample.FiniteExpressions
BUILD_END PBCounterexample.RadialScalar EXIT=0
BUILD_START PBCounterexample.RadialPolynomial
BUILD_END PBCounterexample.QuadraticForms EXIT=0
BUILD_START PBCounterexample.LowDegreeCoordinates
BUILD_END PBCounterexample.FiniteExpressions EXIT=0
BUILD_START PBCounterexample.Semialgebraic
BUILD_END PBCounterexample.RadialPolynomial EXIT=0
BUILD_START PBCounterexample.Radial
BUILD_END PBCounterexample.LowDegreeCoordinates EXIT=0
BUILD_START PBCounterexample.SignTopology
BUILD_END PBCounterexample.Laplacian EXIT=0
BUILD_END PBCounterexample.Radial EXIT=0
BUILD_START PBCounterexample.RadialTests
BUILD_END PBCounterexample.SignTopology EXIT=0
BUILD_END PBCounterexample.RadialTests EXIT=0
BUILD_END PBCounterexample.Semialgebraic EXIT=0
BUILD_START PBCounterexample.PolynomialSelection
BUILD_START PBCounterexample.PolynomialSubstitution
BUILD_END PBCounterexample.PolynomialSubstitution EXIT=0
BUILD_END PBCounterexample.PolynomialSelection EXIT=0
BUILD_START PBCounterexample.GramSelection
BUILD_START PBCounterexample.QuadraticSignPartition
BUILD_END PBCounterexample.GramSelection EXIT=0
BUILD_START PBCounterexample.Gram6Coordinates
BUILD_END PBCounterexample.QuadraticSignPartition EXIT=0
BUILD_END PBCounterexample.Gram6Coordinates EXIT=0
BUILD_START PBCounterexample.Gram6Curve
BUILD_START PBCounterexample.Gram6Function
BUILD_START PBCounterexample.Gram6Polarization
BUILD_END PBCounterexample.Gram6Polarization EXIT=0
BUILD_END PBCounterexample.Gram6Curve EXIT=0
BUILD_START PBCounterexample.Gram6QuadraticCoordinates
BUILD_START PBCounterexample.Gram6Variations
BUILD_END PBCounterexample.Gram6Function EXIT=0
BUILD_START PBCounterexample.Quadratic8Geometry
BUILD_END PBCounterexample.Gram6QuadraticCoordinates EXIT=0
BUILD_START PBCounterexample.Gram6MonomialKernel
BUILD_END PBCounterexample.Quadratic8Geometry EXIT=0
BUILD_END PBCounterexample.Gram6Variations EXIT=0
BUILD_START PBCounterexample.Gram6CorrectionCoordinates
BUILD_START PBCounterexample.Gram6DeterminantVariations
BUILD_END PBCounterexample.Gram6MonomialKernel EXIT=0
BUILD_START PBCounterexample.Gram6Kernel
BUILD_END PBCounterexample.Gram6DeterminantVariations EXIT=0
BUILD_END PBCounterexample.Gram6CorrectionCoordinates EXIT=0
BUILD_START PBCounterexample.Gram6Implicit
BUILD_END PBCounterexample.Gram6Kernel EXIT=0
BUILD_START PBCounterexample.Gram6FiniteParameters
BUILD_END PBCounterexample.Gram6Implicit EXIT=0
BUILD_START PBCounterexample.Gram6LocalPaths
BUILD_END PBCounterexample.Gram6FiniteParameters EXIT=0
BUILD_END PBCounterexample.Gram6LocalPaths EXIT=0
BUILD_START PBCounterexample.Gram6SignObstruction
BUILD_END PBCounterexample.Gram6SignObstruction EXIT=0
BUILD_START PBCounterexample.Gram6Main
BUILD_END PBCounterexample.Gram6Main EXIT=0
BUILD_START PBCounterexample.Quadratic8Data
BUILD_END PBCounterexample.Quadratic8Data EXIT=0
BUILD_START PBCounterexample.Quadratic8Partition
BUILD_END PBCounterexample.Quadratic8Partition EXIT=0
BUILD_START PBCounterexample.Quadratic8Main
BUILD_END PBCounterexample.Quadratic8Main EXIT=0
BUILD_START PBCounterexample
BUILD_END PBCounterexample EXIT=0
FRESH_PROJECT_SOURCE_BUILD_OK modules=35
CHECK Statements8 EXIT=0
CHECK Formula8 EXIT=0
QUADRATIC8_NEGATIVE_CONTROL_OK new axiom: unexpected axiom or universe arity: Quadratic8AuditNegative.hiddenAxiom
QUADRATIC8_NEGATIVE_CONTROL_OK axiom only in proof body: unexpected axiom or universe arity: Quadratic8AuditNegative.hiddenAxiom
QUADRATIC8_NEGATIVE_CONTROL_OK missing proof dependency: missing raw dependency: Quadratic8AuditNegative.doesNotExist
QUADRATIC8_NEGATIVE_CONTROL_OK standard name with altered type: nonstandard axiom type: propext
QUADRATIC8_NEGATIVE_CONTROL_OK standard name with altered universe arity: unexpected axiom or universe arity: propext
QUADRATIC8_NEGATIVE_CONTROL_OK excluded declaration safety Lean.DefinitionSafety.unsafe: unsafe or partial dependency: Quadratic8AuditNegative.operationalRoot
QUADRATIC8_NEGATIVE_CONTROL_OK excluded declaration safety Lean.DefinitionSafety.partial: unsafe or partial dependency: Quadratic8AuditNegative.operationalRoot
QUADRATIC8_NEGATIVE_CONTROL_OK every expression-bearing syntax position was traversed
QUADRATIC8_NEGATIVE_CONTROL_OK altered stored theorem body is detected by exact comparison
QUADRATIC8_NEGATIVE_CONTROL_OK stored theorem with changed type: stored theorem differs in non-body fields
QUADRATIC8_NEGATIVE_CONTROL_OK stored theorem replaced by an axiom: stored declaration differs outside the theorem-body case
QUADRATIC8_NEGATIVE_CONTROL_OK stored proof refers back to its original name: stored theorem variant depends on its original name: Quadratic8AuditNegative.circularStoredVariant
QUADRATIC8_NEGATIVE_CONTROL_OK new axiom in an alternate stored proof: unexpected axiom or universe arity: Quadratic8AuditNegative.hiddenAxiom
QUADRATIC8_NEGATIVE_CONTROL_OK PBCounterexample.LatticeExpr.evalWith._unsafe_rec: lookalike operational name: unrecognized operational declaration: Quadratic8AuditNegative.lookalike._unsafe_rec
QUADRATIC8_NEGATIVE_CONTROL_OK PBCounterexample.LatticeExpr.evalWith._unsafe_rec: operational record changed to unsafe: operational record has unexpected safety
QUADRATIC8_NEGATIVE_CONTROL_OK PBCounterexample.LatticeExpr.evalWith._unsafe_rec: operational record changed to safe: operational record has unexpected safety
QUADRATIC8_NEGATIVE_CONTROL_OK PBCounterexample.LatticeExpr.evalWith._unsafe_rec: operational reduction hints changed: operational record has unexpected definition metadata
QUADRATIC8_NEGATIVE_CONTROL_OK PBCounterexample.LatticeExpr.evalWith._unsafe_rec: operational mutual-declaration metadata changed: operational record has unexpected definition metadata
QUADRATIC8_NEGATIVE_CONTROL_OK PBCounterexample.LatticeExpr.evalWith._unsafe_rec: operational universe parameters changed: operational record has unexpected definition metadata
QUADRATIC8_NEGATIVE_CONTROL_OK PBCounterexample.LatticeExpr.evalWith._unsafe_rec: operational type changed: operational type or universes differ from the safe parent
QUADRATIC8_NEGATIVE_CONTROL_OK PBCounterexample.LatticeExpr.evalWith._unsafe_rec: operational declaration kind changed: operational record is not a definition
QUADRATIC8_NEGATIVE_CONTROL_OK PBCounterexample.LatticeExpr.evalWith._unsafe_rec: changed stored operational body: operational stored/effective records differ, including body
QUADRATIC8_NEGATIVE_CONTROL_OK PBCounterexample.LatticeExpr.evalWith._unsafe_rec: changed stored module: operational declaration has an unexpected module origin
QUADRATIC8_NEGATIVE_CONTROL_OK PBCounterexample.LatticeExpr.evalWith._unsafe_rec: missing parent: operational record lacks its exact definition parent
QUADRATIC8_NEGATIVE_CONTROL_OK PBCounterexample.LatticeExpr.evalWith._unsafe_rec: parent safety Lean.DefinitionSafety.unsafe: operational parent is not the required safe definition
QUADRATIC8_NEGATIVE_CONTROL_OK PBCounterexample.LatticeExpr.evalWith._unsafe_rec: parent safety Lean.DefinitionSafety.partial: operational parent is not the required safe definition
QUADRATIC8_NEGATIVE_CONTROL_OK PBCounterexample.LatticeExpr.evalWith._unsafe_rec: changed parent module: operational parent has unexpected origin or noncomputable metadata
QUADRATIC8_NEGATIVE_CONTROL_OK PBCounterexample.LatticeExpr.evalWith._unsafe_rec: changed operational noncomputable flag: operational record has an unexpected noncomputable flag
QUADRATIC8_NEGATIVE_CONTROL_OK PBCounterexample.LatticeExpr.evalWith._unsafe_rec: changed parent noncomputable flag: operational parent has unexpected origin or noncomputable metadata
QUADRATIC8_NEGATIVE_CONTROL_OK recognized operational dependency remains forbidden through PBCounterexample.LatticeExpr.evalWith._unsafe_rec: unsafe or partial dependency: PBCounterexample.LatticeExpr.evalWith._unsafe_rec
QUADRATIC8_NEGATIVE_CONTROL_OK recognized operational dependency remains forbidden through Quadratic8AuditNegative.operationalBridge: unsafe or partial dependency: PBCounterexample.LatticeExpr.evalWith._unsafe_rec
QUADRATIC8_NEGATIVE_CONTROL_OK recognized operational dependency remains forbidden through Quadratic8AuditNegative.operationalProofBody: unsafe or partial dependency: PBCounterexample.LatticeExpr.evalWith._unsafe_rec
QUADRATIC8_NEGATIVE_CONTROL_OK recognized operational dependency remains forbidden through Quadratic8AuditNegative.operationalTypeOnly: unsafe or partial dependency: PBCounterexample.LatticeExpr.evalWith._unsafe_rec
QUADRATIC8_NEGATIVE_CONTROL_OK recognized operational dependency remains forbidden through Quadratic8AuditNegative.operationalIndirect: unsafe or partial dependency: PBCounterexample.LatticeExpr.evalWith._unsafe_rec
QUADRATIC8_NEGATIVE_CONTROL_OK PBCounterexample.LatticeExpr.evalWith._unsafe_rec: recognized operational dependency in stored proof variant: unsafe or partial dependency: PBCounterexample.LatticeExpr.evalWith._unsafe_rec
QUADRATIC8_NEGATIVE_CONTROL_OK PBCounterexample.LatticeExpr.leaves._unsafe_rec: lookalike operational name: unrecognized operational declaration: Quadratic8AuditNegative.lookalike._unsafe_rec
QUADRATIC8_NEGATIVE_CONTROL_OK PBCounterexample.LatticeExpr.leaves._unsafe_rec: operational record changed to unsafe: operational record has unexpected safety
QUADRATIC8_NEGATIVE_CONTROL_OK PBCounterexample.LatticeExpr.leaves._unsafe_rec: operational record changed to safe: operational record has unexpected safety
QUADRATIC8_NEGATIVE_CONTROL_OK PBCounterexample.LatticeExpr.leaves._unsafe_rec: operational reduction hints changed: operational record has unexpected definition metadata
QUADRATIC8_NEGATIVE_CONTROL_OK PBCounterexample.LatticeExpr.leaves._unsafe_rec: operational mutual-declaration metadata changed: operational record has unexpected definition metadata
QUADRATIC8_NEGATIVE_CONTROL_OK PBCounterexample.LatticeExpr.leaves._unsafe_rec: operational universe parameters changed: operational record has unexpected definition metadata
QUADRATIC8_NEGATIVE_CONTROL_OK PBCounterexample.LatticeExpr.leaves._unsafe_rec: operational type changed: operational type or universes differ from the safe parent
QUADRATIC8_NEGATIVE_CONTROL_OK PBCounterexample.LatticeExpr.leaves._unsafe_rec: operational declaration kind changed: operational record is not a definition
QUADRATIC8_NEGATIVE_CONTROL_OK PBCounterexample.LatticeExpr.leaves._unsafe_rec: changed stored operational body: operational stored/effective records differ, including body
QUADRATIC8_NEGATIVE_CONTROL_OK PBCounterexample.LatticeExpr.leaves._unsafe_rec: changed stored module: operational declaration has an unexpected module origin
QUADRATIC8_NEGATIVE_CONTROL_OK PBCounterexample.LatticeExpr.leaves._unsafe_rec: missing parent: operational record lacks its exact definition parent
QUADRATIC8_NEGATIVE_CONTROL_OK PBCounterexample.LatticeExpr.leaves._unsafe_rec: parent safety Lean.DefinitionSafety.unsafe: operational parent is not the required safe definition
QUADRATIC8_NEGATIVE_CONTROL_OK PBCounterexample.LatticeExpr.leaves._unsafe_rec: parent safety Lean.DefinitionSafety.partial: operational parent is not the required safe definition
QUADRATIC8_NEGATIVE_CONTROL_OK PBCounterexample.LatticeExpr.leaves._unsafe_rec: changed parent module: operational parent has unexpected origin or noncomputable metadata
QUADRATIC8_NEGATIVE_CONTROL_OK PBCounterexample.LatticeExpr.leaves._unsafe_rec: changed operational noncomputable flag: operational record has an unexpected noncomputable flag
QUADRATIC8_NEGATIVE_CONTROL_OK PBCounterexample.LatticeExpr.leaves._unsafe_rec: changed parent noncomputable flag: operational parent has unexpected origin or noncomputable metadata
QUADRATIC8_NEGATIVE_CONTROL_OK recognized operational dependency remains forbidden through PBCounterexample.LatticeExpr.leaves._unsafe_rec: unsafe or partial dependency: PBCounterexample.LatticeExpr.leaves._unsafe_rec
QUADRATIC8_NEGATIVE_CONTROL_OK recognized operational dependency remains forbidden through Quadratic8AuditNegative.operationalBridge: unsafe or partial dependency: PBCounterexample.LatticeExpr.leaves._unsafe_rec
QUADRATIC8_NEGATIVE_CONTROL_OK recognized operational dependency remains forbidden through Quadratic8AuditNegative.operationalProofBody: unsafe or partial dependency: PBCounterexample.LatticeExpr.leaves._unsafe_rec
QUADRATIC8_NEGATIVE_CONTROL_OK recognized operational dependency remains forbidden through Quadratic8AuditNegative.operationalTypeOnly: unsafe or partial dependency: PBCounterexample.LatticeExpr.leaves._unsafe_rec
QUADRATIC8_NEGATIVE_CONTROL_OK recognized operational dependency remains forbidden through Quadratic8AuditNegative.operationalIndirect: unsafe or partial dependency: PBCounterexample.LatticeExpr.leaves._unsafe_rec
QUADRATIC8_NEGATIVE_CONTROL_OK PBCounterexample.LatticeExpr.leaves._unsafe_rec: recognized operational dependency in stored proof variant: unsafe or partial dependency: PBCounterexample.LatticeExpr.leaves._unsafe_rec
QUADRATIC8_PROJECT_MODULE PBCounterexample.QuadraticForms records=21
QUADRATIC8_PROJECT_DECL PBCounterexample.QuadraticForms theorem PBCounterexample.QuadraticDecomposition.coordinateBilinear._proof_2
QUADRATIC8_PROJECT_DECL PBCounterexample.QuadraticForms theorem PBCounterexample.QuadraticDecomposition.coordinateBilinear._proof_3
QUADRATIC8_PROJECT_DECL PBCounterexample.QuadraticForms theorem PBCounterexample.QuadraticDecomposition.coordinateBilinear._proof_1
QUADRATIC8_PROJECT_DECL PBCounterexample.QuadraticForms theorem PBCounterexample.QuadraticDecomposition.coordinateBilinear._proof_4
QUADRATIC8_PROJECT_DECL PBCounterexample.QuadraticForms theorem PBCounterexample.QuadraticDecomposition.exponent_degree_le_two._proof_1_1
QUADRATIC8_PROJECT_DECL PBCounterexample.QuadraticForms theorem PBCounterexample.QuadraticDecomposition.monomial_representation
QUADRATIC8_PROJECT_DECL PBCounterexample.QuadraticForms theorem PBCounterexample.QuadraticDecomposition.coordinateBilinear._proof_6
QUADRATIC8_PROJECT_DECL PBCounterexample.QuadraticForms definition PBCounterexample.QuadraticDecomposition.coordinateBilinear
QUADRATIC8_PROJECT_DECL PBCounterexample.QuadraticForms theorem PBCounterexample.QuadraticDecomposition.monomial_representation._simp_1_1
QUADRATIC8_PROJECT_DECL PBCounterexample.QuadraticForms theorem PBCounterexample.QuadraticDecomposition.coordinateBilinear._proof_10
QUADRATIC8_PROJECT_DECL PBCounterexample.QuadraticForms theorem PBCounterexample.QuadraticDecomposition.exponent_degree_le_two._proof_1_2
QUADRATIC8_PROJECT_DECL PBCounterexample.QuadraticForms theorem PBCounterexample.QuadraticDecomposition.exponent_degree_le_two._proof_1_3
QUADRATIC8_PROJECT_DECL PBCounterexample.QuadraticForms theorem PBCounterexample.QuadraticDecomposition.coordinateBilinear._proof_5
QUADRATIC8_PROJECT_DECL PBCounterexample.QuadraticForms theorem PBCounterexample.QuadraticDecomposition.coordinateBilinear._proof_8
QUADRATIC8_PROJECT_DECL PBCounterexample.QuadraticForms theorem PBCounterexample.QuadraticDecomposition.coordinateBilinear._proof_9
QUADRATIC8_PROJECT_DECL PBCounterexample.QuadraticForms theorem PBCounterexample.QuadraticDecomposition.coordinateBilinear_symmetric
QUADRATIC8_PROJECT_DECL PBCounterexample.QuadraticForms theorem PBCounterexample.QuadraticDecomposition.monomial_representation._simp_1_2
QUADRATIC8_PROJECT_DECL PBCounterexample.QuadraticForms theorem PBCounterexample.QuadraticDecomposition.coordinateBilinear._proof_7
QUADRATIC8_PROJECT_DECL PBCounterexample.QuadraticForms theorem PBCounterexample.QuadraticDecomposition.polynomial_representation
QUADRATIC8_PROJECT_DECL PBCounterexample.QuadraticForms theorem PBCounterexample.QuadraticDecomposition.exponent_degree_le_two
QUADRATIC8_PROJECT_DECL PBCounterexample.QuadraticForms theorem PBCounterexample.QuadraticDecomposition.coordinateBilinear_diagonal
QUADRATIC8_PROJECT_MODULE PBCounterexample.LowDegreeCoordinates records=4
QUADRATIC8_PROJECT_DECL PBCounterexample.LowDegreeCoordinates theorem PBCounterexample.LowDegreeCoordinates.homogeneous_two_eq_sum
QUADRATIC8_PROJECT_DECL PBCounterexample.LowDegreeCoordinates theorem PBCounterexample.LowDegreeCoordinates.homogeneous_eq_sum_monomials
QUADRATIC8_PROJECT_DECL PBCounterexample.LowDegreeCoordinates theorem PBCounterexample.LowDegreeCoordinates.exponent_degree_two
QUADRATIC8_PROJECT_DECL PBCounterexample.LowDegreeCoordinates theorem PBCounterexample.LowDegreeCoordinates.homogeneous_one_eq_sum
QUADRATIC8_PROJECT_MODULE PBCounterexample.Semialgebraic records=48
QUADRATIC8_PROJECT_DECL PBCounterexample.Semialgebraic constructor PBCounterexample.IsSemialgebraic.below.inter
QUADRATIC8_PROJECT_DECL PBCounterexample.Semialgebraic constructor PBCounterexample.IsSemialgebraic.polynomial_le
QUADRATIC8_PROJECT_DECL PBCounterexample.Semialgebraic theorem PBCounterexample.FiniteClosedPolynomialCover.mk.injEq
QUADRATIC8_PROJECT_DECL PBCounterexample.Semialgebraic definition PBCounterexample.FiniteClosedPolynomialCover.ctorIdx
QUADRATIC8_PROJECT_DECL PBCounterexample.Semialgebraic definition PBCounterexample.FiniteClosedPolynomialCover._sizeOf_inst
QUADRATIC8_PROJECT_DECL PBCounterexample.Semialgebraic theorem PBCounterexample.FiniteClosedPolynomialCover.covers
QUADRATIC8_PROJECT_DECL PBCounterexample.Semialgebraic theorem PBCounterexample.IsSemialgebraic.iInter
QUADRATIC8_PROJECT_DECL PBCounterexample.Semialgebraic theorem PBCounterexample.FiniteClosedPolynomialCover.mk.sizeOf_spec
QUADRATIC8_PROJECT_DECL PBCounterexample.Semialgebraic theorem PBCounterexample.FiniteClosedPolynomialCover.continuous
QUADRATIC8_PROJECT_DECL PBCounterexample.Semialgebraic definition PBCounterexample.IsSemialgebraic.casesOn
QUADRATIC8_PROJECT_DECL PBCounterexample.Semialgebraic constructor PBCounterexample.IsSemialgebraic.below.union
QUADRATIC8_PROJECT_DECL PBCounterexample.Semialgebraic theorem PBCounterexample.IsSemialgebraic.ge_zero
QUADRATIC8_PROJECT_DECL PBCounterexample.Semialgebraic theorem PBCounterexample.FiniteClosedPolynomialCover.mk.inj
QUADRATIC8_PROJECT_DECL PBCounterexample.Semialgebraic theorem PBCounterexample.IsSemialgebraic.brecOn
QUADRATIC8_PROJECT_DECL PBCounterexample.Semialgebraic theorem PBCounterexample.IsSemialgebraic.le
QUADRATIC8_PROJECT_DECL PBCounterexample.Semialgebraic inductive PBCounterexample.IsSemialgebraic.below
QUADRATIC8_PROJECT_DECL PBCounterexample.Semialgebraic theorem PBCounterexample.IsSemialgebraic.iUnion
QUADRATIC8_PROJECT_DECL PBCounterexample.Semialgebraic inductive PBCounterexample.IsSemialgebraic
QUADRATIC8_PROJECT_DECL PBCounterexample.Semialgebraic constructor PBCounterexample.IsSemialgebraic.compl
QUADRATIC8_PROJECT_DECL PBCounterexample.Semialgebraic definition PBCounterexample.FiniteClosedPolynomialCover.recOn
QUADRATIC8_PROJECT_DECL PBCounterexample.Semialgebraic constructor PBCounterexample.IsSemialgebraic.inter
QUADRATIC8_PROJECT_DECL PBCounterexample.Semialgebraic recursor PBCounterexample.IsSemialgebraic.below.rec
QUADRATIC8_PROJECT_DECL PBCounterexample.Semialgebraic theorem PBCounterexample.IsSemialgebraic.empty
QUADRATIC8_PROJECT_DECL PBCounterexample.Semialgebraic theorem PBCounterexample.IsSemialgebraic.univ
QUADRATIC8_PROJECT_DECL PBCounterexample.Semialgebraic definition PBCounterexample.FiniteClosedPolynomialCover._sizeOf_1
QUADRATIC8_PROJECT_DECL PBCounterexample.Semialgebraic definition PBCounterexample.FiniteClosedPolynomialCover.mk._flat_ctor
QUADRATIC8_PROJECT_DECL PBCounterexample.Semialgebraic theorem PBCounterexample.IsSemialgebraic.finset_union
QUADRATIC8_PROJECT_DECL PBCounterexample.Semialgebraic definition PBCounterexample.FiniteClosedPolynomialCover.count
QUADRATIC8_PROJECT_DECL PBCounterexample.Semialgebraic constructor PBCounterexample.IsSemialgebraic.below.compl
QUADRATIC8_PROJECT_DECL PBCounterexample.Semialgebraic definition PBCounterexample.FiniteClosedPolynomialCover.noConfusion
QUADRATIC8_PROJECT_DECL PBCounterexample.Semialgebraic definition PBCounterexample.FiniteClosedPolynomialCover.mk.noConfusion
QUADRATIC8_PROJECT_DECL PBCounterexample.Semialgebraic theorem PBCounterexample.FiniteClosedPolynomialCover.agrees
QUADRATIC8_PROJECT_DECL PBCounterexample.Semialgebraic constructor PBCounterexample.IsSemialgebraic.below.polynomial_le
QUADRATIC8_PROJECT_DECL PBCounterexample.Semialgebraic theorem PBCounterexample.IsSemialgebraic.le._simp_1_1
QUADRATIC8_PROJECT_DECL PBCounterexample.Semialgebraic recursor PBCounterexample.IsSemialgebraic.rec
QUADRATIC8_PROJECT_DECL PBCounterexample.Semialgebraic theorem PBCounterexample.FiniteClosedPolynomialCover.semialgebraic
QUADRATIC8_PROJECT_DECL PBCounterexample.Semialgebraic constructor PBCounterexample.IsSemialgebraic.union
QUADRATIC8_PROJECT_DECL PBCounterexample.Semialgebraic definition PBCounterexample.IsSemialgebraic.below.casesOn
QUADRATIC8_PROJECT_DECL PBCounterexample.Semialgebraic definition PBCounterexample.FiniteClosedPolynomialCover.label
QUADRATIC8_PROJECT_DECL PBCounterexample.Semialgebraic definition PBCounterexample.IsSemialgebraic.recOn
QUADRATIC8_PROJECT_DECL PBCounterexample.Semialgebraic definition PBCounterexample.FiniteClosedPolynomialCover.noConfusionType
QUADRATIC8_PROJECT_DECL PBCounterexample.Semialgebraic recursor PBCounterexample.FiniteClosedPolynomialCover.rec
QUADRATIC8_PROJECT_DECL PBCounterexample.Semialgebraic definition PBCounterexample.FiniteClosedPolynomialCover.region
QUADRATIC8_PROJECT_DECL PBCounterexample.Semialgebraic theorem PBCounterexample.FiniteClosedPolynomialCover.closed
QUADRATIC8_PROJECT_DECL PBCounterexample.Semialgebraic theorem PBCounterexample.IsSemialgebraic.finset_inter
QUADRATIC8_PROJECT_DECL PBCounterexample.Semialgebraic inductive PBCounterexample.FiniteClosedPolynomialCover
QUADRATIC8_PROJECT_DECL PBCounterexample.Semialgebraic constructor PBCounterexample.FiniteClosedPolynomialCover.mk
QUADRATIC8_PROJECT_DECL PBCounterexample.Semialgebraic definition PBCounterexample.FiniteClosedPolynomialCover.casesOn
QUADRATIC8_PROJECT_MODULE PBCounterexample.RadialScalar records=32
QUADRATIC8_PROJECT_DECL PBCounterexample.RadialScalar theorem PBCounterexample.Radial.clip_max
QUADRATIC8_PROJECT_DECL PBCounterexample.RadialScalar theorem PBCounterexample.Radial.clip.eq_1
QUADRATIC8_PROJECT_DECL PBCounterexample.RadialScalar theorem PBCounterexample.Radial.clip_neg_iff._simp_1_3
QUADRATIC8_PROJECT_DECL PBCounterexample.RadialScalar theorem PBCounterexample.Radial.tendsto_clip_quadratic_of_low_coefficients_zero._simp_1_4
QUADRATIC8_PROJECT_DECL PBCounterexample.RadialScalar theorem PBCounterexample.Radial.tendsto_clip_quadratic_of_low_coefficients_zero._simp_1_7
QUADRATIC8_PROJECT_DECL PBCounterexample.RadialScalar theorem PBCounterexample.Radial.tendsto_clip_quadratic_of_low_coefficients_zero._simp_1_2
QUADRATIC8_PROJECT_DECL PBCounterexample.RadialScalar theorem PBCounterexample.Radial.tendsto_clip_quadratic_of_low_coefficients_zero._simp_1_6
QUADRATIC8_PROJECT_DECL PBCounterexample.RadialScalar theorem PBCounterexample.Radial.clip_min
QUADRATIC8_PROJECT_DECL PBCounterexample.RadialScalar theorem PBCounterexample.Radial.sign_clip._simp_1_2
QUADRATIC8_PROJECT_DECL PBCounterexample.RadialScalar theorem PBCounterexample.Radial.clip_pos_iff._simp_1_3
QUADRATIC8_PROJECT_DECL PBCounterexample.RadialScalar theorem PBCounterexample.Radial.clip_neg_iff
QUADRATIC8_PROJECT_DECL PBCounterexample.RadialScalar theorem PBCounterexample.Radial.monotone_clip
QUADRATIC8_PROJECT_DECL PBCounterexample.RadialScalar theorem PBCounterexample.Radial.clip_zero
QUADRATIC8_PROJECT_DECL PBCounterexample.RadialScalar theorem PBCounterexample.Radial.tendsto_clip_quadratic_of_linear_pos
QUADRATIC8_PROJECT_DECL PBCounterexample.RadialScalar theorem PBCounterexample.Radial.tendsto_clip_quadratic_of_constant_neg
QUADRATIC8_PROJECT_DECL PBCounterexample.RadialScalar theorem PBCounterexample.Radial.continuous_clip
QUADRATIC8_PROJECT_DECL PBCounterexample.RadialScalar theorem PBCounterexample.Radial.clip_pos_iff
QUADRATIC8_PROJECT_DECL PBCounterexample.RadialScalar theorem PBCounterexample.Radial.clip_eq_neg_one_of_le
QUADRATIC8_PROJECT_DECL PBCounterexample.RadialScalar theorem PBCounterexample.Radial.clip_eq_one_of_one_le
QUADRATIC8_PROJECT_DECL PBCounterexample.RadialScalar theorem PBCounterexample.Radial.monotone_realSign
QUADRATIC8_PROJECT_DECL PBCounterexample.RadialScalar theorem PBCounterexample.Radial.clip_neg_iff._simp_1_2
QUADRATIC8_PROJECT_DECL PBCounterexample.RadialScalar theorem PBCounterexample.Radial.tendsto_clip_quadratic_of_low_coefficients_zero._simp_1_3
QUADRATIC8_PROJECT_DECL PBCounterexample.RadialScalar theorem PBCounterexample.Radial.clip_pos_iff._simp_1_2
QUADRATIC8_PROJECT_DECL PBCounterexample.RadialScalar theorem PBCounterexample.Radial.tendsto_clip_quadratic_of_low_coefficients_zero._simp_1_5
QUADRATIC8_PROJECT_DECL PBCounterexample.RadialScalar theorem PBCounterexample.Radial.clip_eq_zero_iff
QUADRATIC8_PROJECT_DECL PBCounterexample.RadialScalar theorem PBCounterexample.Radial.sign_clip._simp_1_1
QUADRATIC8_PROJECT_DECL PBCounterexample.RadialScalar theorem PBCounterexample.Radial.tendsto_clip_quadratic_of_low_coefficients_zero._simp_1_1
QUADRATIC8_PROJECT_DECL PBCounterexample.RadialScalar theorem PBCounterexample.Radial.sign_clip
QUADRATIC8_PROJECT_DECL PBCounterexample.RadialScalar theorem PBCounterexample.Radial.tendsto_clip_quadratic_of_linear_neg
QUADRATIC8_PROJECT_DECL PBCounterexample.RadialScalar theorem PBCounterexample.Radial.tendsto_clip_quadratic_of_low_coefficients_zero
QUADRATIC8_PROJECT_DECL PBCounterexample.RadialScalar theorem PBCounterexample.Radial.tendsto_clip_quadratic_of_constant_pos
QUADRATIC8_PROJECT_DECL PBCounterexample.RadialScalar definition PBCounterexample.Radial.clip
QUADRATIC8_PROJECT_MODULE PBCounterexample.RadialPolynomial records=24
QUADRATIC8_PROJECT_DECL PBCounterexample.RadialPolynomial theorem PBCounterexample.Radial.radialPolynomial.eq_1
QUADRATIC8_PROJECT_DECL PBCounterexample.RadialPolynomial theorem PBCounterexample.Radial.polynomial_eval_expand
QUADRATIC8_PROJECT_DECL PBCounterexample.RadialPolynomial definition PBCounterexample.Radial.limitingValue
QUADRATIC8_PROJECT_DECL PBCounterexample.RadialPolynomial theorem PBCounterexample.Radial.tendsto_clip_polynomial._simp_1_2
QUADRATIC8_PROJECT_DECL PBCounterexample.RadialPolynomial theorem PBCounterexample.Radial.eval_homogeneous_scale
QUADRATIC8_PROJECT_DECL PBCounterexample.RadialPolynomial definition PBCounterexample.Radial.radialPolynomial
QUADRATIC8_PROJECT_DECL PBCounterexample.RadialPolynomial theorem PBCounterexample.Radial.tendsto_clip_mvPolynomial._proof_1_1
QUADRATIC8_PROJECT_DECL PBCounterexample.RadialPolynomial theorem PBCounterexample.Radial.limitingValue.eq_1
QUADRATIC8_PROJECT_DECL PBCounterexample.RadialPolynomial theorem PBCounterexample.Radial.tendsto_clip_mvPolynomial._proof_1_3
QUADRATIC8_PROJECT_DECL PBCounterexample.RadialPolynomial theorem PBCounterexample.Radial.tendsto_clip_mvPolynomial._proof_1_2
QUADRATIC8_PROJECT_DECL PBCounterexample.RadialPolynomial theorem PBCounterexample.Radial.sum_homogeneousComponent_extended._proof_1_2
QUADRATIC8_PROJECT_DECL PBCounterexample.RadialPolynomial theorem PBCounterexample.Radial.radialPolynomial_eval
QUADRATIC8_PROJECT_DECL PBCounterexample.RadialPolynomial theorem PBCounterexample.Radial.sign_limitingValue
QUADRATIC8_PROJECT_DECL PBCounterexample.RadialPolynomial definition PBCounterexample.Radial.leafLimit
QUADRATIC8_PROJECT_DECL PBCounterexample.RadialPolynomial theorem PBCounterexample.Radial.sum_homogeneousComponent_extended
QUADRATIC8_PROJECT_DECL PBCounterexample.RadialPolynomial theorem PBCounterexample.Radial.tendsto_clip_mvPolynomial
QUADRATIC8_PROJECT_DECL PBCounterexample.RadialPolynomial theorem PBCounterexample.Radial.sum_homogeneousComponent_extended._proof_1_4
QUADRATIC8_PROJECT_DECL PBCounterexample.RadialPolynomial theorem PBCounterexample.Radial.sum_homogeneousComponent_extended._simp_1_3
QUADRATIC8_PROJECT_DECL PBCounterexample.RadialPolynomial theorem PBCounterexample.Radial.radialPolynomial_coeff._simp_1_2
QUADRATIC8_PROJECT_DECL PBCounterexample.RadialPolynomial theorem PBCounterexample.Radial.sum_homogeneousComponent_extended._simp_1_1
QUADRATIC8_PROJECT_DECL PBCounterexample.RadialPolynomial theorem PBCounterexample.Radial.radialPolynomial_coeff
QUADRATIC8_PROJECT_DECL PBCounterexample.RadialPolynomial theorem PBCounterexample.Radial.sign_limitingValue_congr
QUADRATIC8_PROJECT_DECL PBCounterexample.RadialPolynomial theorem PBCounterexample.Radial.tendsto_clip_polynomial
QUADRATIC8_PROJECT_DECL PBCounterexample.RadialPolynomial theorem PBCounterexample.Radial.leafLimit.eq_1
QUADRATIC8_PROJECT_MODULE PBCounterexample.PolynomialSelection records=41
QUADRATIC8_PROJECT_DECL PBCounterexample.PolynomialSelection theorem _private.PBCounterexample.PolynomialSelection.0.PBCounterexample.PolynomialSelection.region.match_1.eq_1
QUADRATIC8_PROJECT_DECL PBCounterexample.PolynomialSelection theorem PBCounterexample.PolynomialSelection.polynomialCover_count
QUADRATIC8_PROJECT_DECL PBCounterexample.PolynomialSelection definition PBCounterexample.PolynomialSelection.f
QUADRATIC8_PROJECT_DECL PBCounterexample.PolynomialSelection theorem PBCounterexample.PolynomialSelection.polynomialCover_homogeneous
QUADRATIC8_PROJECT_DECL PBCounterexample.PolynomialSelection theorem _private.PBCounterexample.PolynomialSelection.0.PBCounterexample.PolynomialSelection.region.match_1.eq_2
QUADRATIC8_PROJECT_DECL PBCounterexample.PolynomialSelection theorem PBCounterexample.PolynomialSelection.region_agrees
QUADRATIC8_PROJECT_DECL PBCounterexample.PolynomialSelection theorem PBCounterexample.PolynomialSelection.label.eq_1
QUADRATIC8_PROJECT_DECL PBCounterexample.PolynomialSelection theorem PBCounterexample.PolynomialSelection.polynomialCover._proof_2
QUADRATIC8_PROJECT_DECL PBCounterexample.PolynomialSelection theorem PBCounterexample.PolynomialSelection.polynomialCover._proof_3
QUADRATIC8_PROJECT_DECL PBCounterexample.PolynomialSelection definition PBCounterexample.PolynomialSelection.polynomialCover
QUADRATIC8_PROJECT_DECL PBCounterexample.PolynomialSelection theorem PBCounterexample.PolynomialSelection.continuous_f
QUADRATIC8_PROJECT_DECL PBCounterexample.PolynomialSelection theorem PBCounterexample.PolynomialSelection.f_positive_homogeneous
QUADRATIC8_PROJECT_DECL PBCounterexample.PolynomialSelection theorem PBCounterexample.PolynomialSelection.minimum_eq_on_region
QUADRATIC8_PROJECT_DECL PBCounterexample.PolynomialSelection theorem PBCounterexample.PolynomialSelection.f_eq_on_region
QUADRATIC8_PROJECT_DECL PBCounterexample.PolynomialSelection theorem PBCounterexample.PolynomialSelection.minimum_le
QUADRATIC8_PROJECT_DECL PBCounterexample.PolynomialSelection theorem PBCounterexample.PolynomialSelection.le_minimum_iff
QUADRATIC8_PROJECT_DECL PBCounterexample.PolynomialSelection theorem PBCounterexample.PolynomialSelection.minimum.congr_simp
QUADRATIC8_PROJECT_DECL PBCounterexample.PolynomialSelection definition PBCounterexample.PolynomialSelection.polynomialRegion
QUADRATIC8_PROJECT_DECL PBCounterexample.PolynomialSelection definition PBCounterexample.PolynomialSelection.zeroRegion
QUADRATIC8_PROJECT_DECL PBCounterexample.PolynomialSelection definition PBCounterexample.PolynomialSelection.region
QUADRATIC8_PROJECT_DECL PBCounterexample.PolynomialSelection theorem PBCounterexample.PolynomialSelection.f.eq_1
QUADRATIC8_PROJECT_DECL PBCounterexample.PolynomialSelection theorem PBCounterexample.PolynomialSelection.polynomialCover._proof_1
QUADRATIC8_PROJECT_DECL PBCounterexample.PolynomialSelection theorem PBCounterexample.PolynomialSelection.polynomialCover._proof_4
QUADRATIC8_PROJECT_DECL PBCounterexample.PolynomialSelection theorem PBCounterexample.PolynomialSelection.semialgebraic_zeroRegion
QUADRATIC8_PROJECT_DECL PBCounterexample.PolynomialSelection theorem PBCounterexample.PolynomialSelection.f.congr_simp
QUADRATIC8_PROJECT_DECL PBCounterexample.PolynomialSelection theorem PBCounterexample.PolynomialSelection.exists_minimum_eq
QUADRATIC8_PROJECT_DECL PBCounterexample.PolynomialSelection theorem PBCounterexample.PolynomialSelection.label.eq_2
QUADRATIC8_PROJECT_DECL PBCounterexample.PolynomialSelection theorem PBCounterexample.PolynomialSelection.polynomialCover._simp_1
QUADRATIC8_PROJECT_DECL PBCounterexample.PolynomialSelection theorem PBCounterexample.PolynomialSelection.continuous_minimum
QUADRATIC8_PROJECT_DECL PBCounterexample.PolynomialSelection theorem PBCounterexample.PolynomialSelection.semialgebraic_polynomialRegion
QUADRATIC8_PROJECT_DECL PBCounterexample.PolynomialSelection definition PBCounterexample.PolynomialSelection.minimum
QUADRATIC8_PROJECT_DECL PBCounterexample.PolynomialSelection theorem PBCounterexample.PolynomialSelection.f_zero
QUADRATIC8_PROJECT_DECL PBCounterexample.PolynomialSelection theorem PBCounterexample.PolynomialSelection.minimum_smul
QUADRATIC8_PROJECT_DECL PBCounterexample.PolynomialSelection theorem PBCounterexample.PolynomialSelection.polynomialCover._simp_2
QUADRATIC8_PROJECT_DECL PBCounterexample.PolynomialSelection definition PBCounterexample.PolynomialSelection.region.match_1
QUADRATIC8_PROJECT_DECL PBCounterexample.PolynomialSelection definition _private.PBCounterexample.PolynomialSelection.0.PBCounterexample.PolynomialSelection.region.match_1.splitter
QUADRATIC8_PROJECT_DECL PBCounterexample.PolynomialSelection theorem PBCounterexample.PolynomialSelection.isClosed_zeroRegion
QUADRATIC8_PROJECT_DECL PBCounterexample.PolynomialSelection theorem PBCounterexample.PolynomialSelection.region_covers_point
QUADRATIC8_PROJECT_DECL PBCounterexample.PolynomialSelection theorem PBCounterexample.PolynomialSelection.minimum.eq_1
QUADRATIC8_PROJECT_DECL PBCounterexample.PolynomialSelection theorem PBCounterexample.PolynomialSelection.isClosed_polynomialRegion
QUADRATIC8_PROJECT_DECL PBCounterexample.PolynomialSelection definition PBCounterexample.PolynomialSelection.label
QUADRATIC8_PROJECT_MODULE PBCounterexample.Laplacian records=4
QUADRATIC8_PROJECT_DECL PBCounterexample.Laplacian theorem PBCounterexample.Laplacian.constant_of_quadratic_zero
QUADRATIC8_PROJECT_DECL PBCounterexample.Laplacian theorem PBCounterexample.Laplacian.sum_squared_differences._simp_1_2
QUADRATIC8_PROJECT_DECL PBCounterexample.Laplacian theorem PBCounterexample.Laplacian.sum_squared_differences
QUADRATIC8_PROJECT_DECL PBCounterexample.Laplacian theorem PBCounterexample.Laplacian.sum_squared_differences._simp_1_1
QUADRATIC8_PROJECT_MODULE PBCounterexample.GramSelection records=46
QUADRATIC8_PROJECT_DECL PBCounterexample.GramSelection definition PBCounterexample.GramSelection.gramPolynomial
QUADRATIC8_PROJECT_DECL PBCounterexample.GramSelection theorem PBCounterexample.GramSelection.gram_symm
QUADRATIC8_PROJECT_DECL PBCounterexample.GramSelection theorem PBCounterexample.GramSelection.quadratic_pullback
QUADRATIC8_PROJECT_DECL PBCounterexample.GramSelection theorem PBCounterexample.GramSelection.simplex_column_sum
QUADRATIC8_PROJECT_DECL PBCounterexample.GramSelection theorem PBCounterexample.GramSelection.quadratic_gram_nonpos_of_kernel
QUADRATIC8_PROJECT_DECL PBCounterexample.GramSelection definition PBCounterexample.GramSelection.I
QUADRATIC8_PROJECT_DECL PBCounterexample.GramSelection theorem PBCounterexample.GramSelection.laplacian.eq_1
QUADRATIC8_PROJECT_DECL PBCounterexample.GramSelection theorem PBCounterexample.GramSelection.laplacian_row_sum._simp_1_1
QUADRATIC8_PROJECT_DECL PBCounterexample.GramSelection definition PBCounterexample.GramSelection.Label
QUADRATIC8_PROJECT_DECL PBCounterexample.GramSelection theorem PBCounterexample.GramSelection.laplacian_row_sum
QUADRATIC8_PROJECT_DECL PBCounterexample.GramSelection theorem PBCounterexample.GramSelection.eval_determinantPolynomial
QUADRATIC8_PROJECT_DECL PBCounterexample.GramSelection definition PBCounterexample.GramSelection.polynomialCover
QUADRATIC8_PROJECT_DECL PBCounterexample.GramSelection theorem PBCounterexample.GramSelection.label_count
QUADRATIC8_PROJECT_DECL PBCounterexample.GramSelection definition PBCounterexample.GramSelection.laplacian
QUADRATIC8_PROJECT_DECL PBCounterexample.GramSelection theorem PBCounterexample.GramSelection.gramPolynomial_homogeneous
QUADRATIC8_PROJECT_DECL PBCounterexample.GramSelection theorem PBCounterexample.GramSelection.transpose_simplex_liftVector
QUADRATIC8_PROJECT_DECL PBCounterexample.GramSelection theorem PBCounterexample.GramSelection.eval_qPolynomial
QUADRATIC8_PROJECT_DECL PBCounterexample.GramSelection definition PBCounterexample.GramSelection.simplex
QUADRATIC8_PROJECT_DECL PBCounterexample.GramSelection definition PBCounterexample.GramSelection.f
QUADRATIC8_PROJECT_DECL PBCounterexample.GramSelection theorem PBCounterexample.GramSelection.polynomialCover_homogeneous
QUADRATIC8_PROJECT_DECL PBCounterexample.GramSelection theorem PBCounterexample.GramSelection.laplacian_symm
QUADRATIC8_PROJECT_DECL PBCounterexample.GramSelection theorem PBCounterexample.GramSelection.instNonemptyLabel
QUADRATIC8_PROJECT_DECL PBCounterexample.GramSelection definition PBCounterexample.GramSelection.determinantPolynomial
QUADRATIC8_PROJECT_DECL PBCounterexample.GramSelection theorem PBCounterexample.GramSelection.gramPolynomial.eq_1
QUADRATIC8_PROJECT_DECL PBCounterexample.GramSelection theorem PBCounterexample.GramSelection.qPolynomial.eq_1
QUADRATIC8_PROJECT_DECL PBCounterexample.GramSelection theorem PBCounterexample.GramSelection.liftVector.eq_1
QUADRATIC8_PROJECT_DECL PBCounterexample.GramSelection theorem PBCounterexample.GramSelection.matrix_kernel_zero
QUADRATIC8_PROJECT_DECL PBCounterexample.GramSelection theorem PBCounterexample.GramSelection.continuous_f
QUADRATIC8_PROJECT_DECL PBCounterexample.GramSelection theorem PBCounterexample.GramSelection.f_positive_homogeneous
QUADRATIC8_PROJECT_DECL PBCounterexample.GramSelection theorem PBCounterexample.GramSelection.matrix_kernel_zero._simp_1_1
QUADRATIC8_PROJECT_DECL PBCounterexample.GramSelection theorem PBCounterexample.GramSelection.simplex._proof_1
QUADRATIC8_PROJECT_DECL PBCounterexample.GramSelection definition PBCounterexample.GramSelection.minimum
QUADRATIC8_PROJECT_DECL PBCounterexample.GramSelection theorem PBCounterexample.GramSelection.eval_gramPolynomial
QUADRATIC8_PROJECT_DECL PBCounterexample.GramSelection theorem PBCounterexample.GramSelection.simplex.eq_1
QUADRATIC8_PROJECT_DECL PBCounterexample.GramSelection definition PBCounterexample.GramSelection.J
QUADRATIC8_PROJECT_DECL PBCounterexample.GramSelection theorem PBCounterexample.GramSelection.quadratic_laplacian_nonneg
QUADRATIC8_PROJECT_DECL PBCounterexample.GramSelection theorem PBCounterexample.GramSelection.polynomialCover_count
QUADRATIC8_PROJECT_DECL PBCounterexample.GramSelection theorem PBCounterexample.GramSelection.determinant_ne_zero
QUADRATIC8_PROJECT_DECL PBCounterexample.GramSelection theorem PBCounterexample.GramSelection.polynomialCover._proof_1
QUADRATIC8_PROJECT_DECL PBCounterexample.GramSelection theorem PBCounterexample.GramSelection.qPolynomial_homogeneous
QUADRATIC8_PROJECT_DECL PBCounterexample.GramSelection theorem PBCounterexample.GramSelection.gram.eq_1
QUADRATIC8_PROJECT_DECL PBCounterexample.GramSelection theorem PBCounterexample.GramSelection.liftVector._proof_1
QUADRATIC8_PROJECT_DECL PBCounterexample.GramSelection definition PBCounterexample.GramSelection.liftVector
QUADRATIC8_PROJECT_DECL PBCounterexample.GramSelection theorem PBCounterexample.GramSelection.laplacian_offdiag_neg
QUADRATIC8_PROJECT_DECL PBCounterexample.GramSelection definition PBCounterexample.GramSelection.qPolynomial
QUADRATIC8_PROJECT_DECL PBCounterexample.GramSelection definition PBCounterexample.GramSelection.gram
QUADRATIC8_PROJECT_MODULE PBCounterexample.Gram6Coordinates records=32
QUADRATIC8_PROJECT_DECL PBCounterexample.Gram6Coordinates theorem PBCounterexample.Gram6.aPolynomial.eq_1
QUADRATIC8_PROJECT_DECL PBCounterexample.Gram6Coordinates theorem PBCounterexample.Gram6.eval_bPolynomial
QUADRATIC8_PROJECT_DECL PBCounterexample.Gram6Coordinates definition PBCounterexample.Gram6.bMatrix
QUADRATIC8_PROJECT_DECL PBCounterexample.Gram6Coordinates definition PBCounterexample.Gram6.Coord
QUADRATIC8_PROJECT_DECL PBCounterexample.Gram6Coordinates theorem PBCounterexample.Gram6.gram_relation
QUADRATIC8_PROJECT_DECL PBCounterexample.Gram6Coordinates theorem PBCounterexample.Gram6.eval_aPolynomial
QUADRATIC8_PROJECT_DECL PBCounterexample.Gram6Coordinates theorem PBCounterexample.Gram6.aPolynomial_homogeneous
QUADRATIC8_PROJECT_DECL PBCounterexample.Gram6Coordinates definition PBCounterexample.Gram6.bPolynomial
QUADRATIC8_PROJECT_DECL PBCounterexample.Gram6Coordinates theorem PBCounterexample.Gram6.eval_determinantPolynomial
QUADRATIC8_PROJECT_DECL PBCounterexample.Gram6Coordinates theorem PBCounterexample.Gram6.aMatrix._proof_2
QUADRATIC8_PROJECT_DECL PBCounterexample.Gram6Coordinates theorem PBCounterexample.Gram6.gramPolynomial_homogeneous
QUADRATIC8_PROJECT_DECL PBCounterexample.Gram6Coordinates definition PBCounterexample.Gram6.gramMatrix
QUADRATIC8_PROJECT_DECL PBCounterexample.Gram6Coordinates theorem PBCounterexample.Gram6.determinantPolynomial.eq_1
QUADRATIC8_PROJECT_DECL PBCounterexample.Gram6Coordinates theorem PBCounterexample.Gram6.gram_entry02
QUADRATIC8_PROJECT_DECL PBCounterexample.Gram6Coordinates theorem PBCounterexample.Gram6.gramMatrix._proof_1
QUADRATIC8_PROJECT_DECL PBCounterexample.Gram6Coordinates theorem PBCounterexample.Gram6.gramMatrix.eq_1
QUADRATIC8_PROJECT_DECL PBCounterexample.Gram6Coordinates theorem PBCounterexample.Gram6.bMatrix.eq_1
QUADRATIC8_PROJECT_DECL PBCounterexample.Gram6Coordinates definition PBCounterexample.Gram6.aPolynomial
QUADRATIC8_PROJECT_DECL PBCounterexample.Gram6Coordinates theorem PBCounterexample.Gram6.gramMatrix._proof_2
QUADRATIC8_PROJECT_DECL PBCounterexample.Gram6Coordinates theorem PBCounterexample.Gram6.gramMatrix._proof_3
QUADRATIC8_PROJECT_DECL PBCounterexample.Gram6Coordinates theorem PBCounterexample.Gram6.eval_gramPolynomial
QUADRATIC8_PROJECT_DECL PBCounterexample.Gram6Coordinates theorem PBCounterexample.Gram6.gramMatrix_symmetric
QUADRATIC8_PROJECT_DECL PBCounterexample.Gram6Coordinates definition PBCounterexample.Gram6.aMatrix
QUADRATIC8_PROJECT_DECL PBCounterexample.Gram6Coordinates definition PBCounterexample.Gram6.gramPolynomial
QUADRATIC8_PROJECT_DECL PBCounterexample.Gram6Coordinates theorem PBCounterexample.Gram6.bPolynomial.eq_1
QUADRATIC8_PROJECT_DECL PBCounterexample.Gram6Coordinates definition PBCounterexample.Gram6.determinantPolynomial
QUADRATIC8_PROJECT_DECL PBCounterexample.Gram6Coordinates theorem PBCounterexample.Gram6.aMatrix._proof_1
QUADRATIC8_PROJECT_DECL PBCounterexample.Gram6Coordinates theorem PBCounterexample.Gram6.bPolynomial_homogeneous
QUADRATIC8_PROJECT_DECL PBCounterexample.Gram6Coordinates definition PBCounterexample.Gram6.Index
QUADRATIC8_PROJECT_DECL PBCounterexample.Gram6Coordinates theorem PBCounterexample.Gram6.aMatrix.eq_1
QUADRATIC8_PROJECT_DECL PBCounterexample.Gram6Coordinates theorem PBCounterexample.Gram6.gramPolynomial.eq_1
QUADRATIC8_PROJECT_DECL PBCounterexample.Gram6Coordinates definition PBCounterexample.Gram6.Row
QUADRATIC8_PROJECT_MODULE PBCounterexample.Gram6Curve records=30
QUADRATIC8_PROJECT_DECL PBCounterexample.Gram6Curve definition PBCounterexample.Gram6.curve
QUADRATIC8_PROJECT_DECL PBCounterexample.Gram6Curve theorem PBCounterexample.Gram6.curveTangent.eq_1
QUADRATIC8_PROJECT_DECL PBCounterexample.Gram6Curve theorem PBCounterexample.Gram6.rankOneTarget.eq_1
QUADRATIC8_PROJECT_DECL PBCounterexample.Gram6Curve theorem PBCounterexample.Gram6.monomialCoordinates_fromMonomial
QUADRATIC8_PROJECT_DECL PBCounterexample.Gram6Curve theorem PBCounterexample.Gram6.fromMonomial._proof_1
QUADRATIC8_PROJECT_DECL PBCounterexample.Gram6Curve theorem PBCounterexample.Gram6.monomialCoordinates._proof_1
QUADRATIC8_PROJECT_DECL PBCounterexample.Gram6Curve definition PBCounterexample.Gram6.monomialCoordinates
QUADRATIC8_PROJECT_DECL PBCounterexample.Gram6Curve theorem PBCounterexample.Gram6.curve._proof_1
QUADRATIC8_PROJECT_DECL PBCounterexample.Gram6Curve theorem PBCounterexample.Gram6.curve.eq_1
QUADRATIC8_PROJECT_DECL PBCounterexample.Gram6Curve theorem PBCounterexample.Gram6.fromMonomial_monomialCoordinates
QUADRATIC8_PROJECT_DECL PBCounterexample.Gram6Curve theorem PBCounterexample.Gram6.kernelVector.eq_1
QUADRATIC8_PROJECT_DECL PBCounterexample.Gram6Curve theorem PBCounterexample.Gram6.hasDerivAt_curve
QUADRATIC8_PROJECT_DECL PBCounterexample.Gram6Curve theorem PBCounterexample.Gram6.curveTangent._proof_1
QUADRATIC8_PROJECT_DECL PBCounterexample.Gram6Curve theorem PBCounterexample.Gram6.fromMonomial.eq_1
QUADRATIC8_PROJECT_DECL PBCounterexample.Gram6Curve definition PBCounterexample.Gram6.fromMonomial
QUADRATIC8_PROJECT_DECL PBCounterexample.Gram6Curve theorem PBCounterexample.Gram6.aMatrix_curve_kernel
QUADRATIC8_PROJECT_DECL PBCounterexample.Gram6Curve definition PBCounterexample.Gram6.curveTangent
QUADRATIC8_PROJECT_DECL PBCounterexample.Gram6Curve definition PBCounterexample.Gram6.rankOneTarget
QUADRATIC8_PROJECT_DECL PBCounterexample.Gram6Curve theorem PBCounterexample.Gram6.bMatrix_curve_kernel
QUADRATIC8_PROJECT_DECL PBCounterexample.Gram6Curve theorem _private.PBCounterexample.Gram6Curve.0.PBCounterexample.Gram6.sixth_entry
QUADRATIC8_PROJECT_DECL PBCounterexample.Gram6Curve theorem PBCounterexample.Gram6.fromMonomial_curve
QUADRATIC8_PROJECT_DECL PBCounterexample.Gram6Curve theorem PBCounterexample.Gram6.curveTangent._proof_2
QUADRATIC8_PROJECT_DECL PBCounterexample.Gram6Curve theorem PBCounterexample.Gram6.curveTangent._proof_3
QUADRATIC8_PROJECT_DECL PBCounterexample.Gram6Curve definition PBCounterexample.Gram6.kernelVector
QUADRATIC8_PROJECT_DECL PBCounterexample.Gram6Curve theorem PBCounterexample.Gram6.monomialCoordinates.eq_1
QUADRATIC8_PROJECT_DECL PBCounterexample.Gram6Curve theorem PBCounterexample.Gram6.curve._proof_2
QUADRATIC8_PROJECT_DECL PBCounterexample.Gram6Curve theorem PBCounterexample.Gram6.curve._proof_3
QUADRATIC8_PROJECT_DECL PBCounterexample.Gram6Curve theorem PBCounterexample.Gram6.monomialCoordinates_curve
QUADRATIC8_PROJECT_DECL PBCounterexample.Gram6Curve theorem PBCounterexample.Gram6.gramMatrix_curveTangent
QUADRATIC8_PROJECT_DECL PBCounterexample.Gram6Curve theorem PBCounterexample.Gram6.gramMatrix_curve
QUADRATIC8_PROJECT_MODULE PBCounterexample.Gram6QuadraticCoordinates records=26
QUADRATIC8_PROJECT_DECL PBCounterexample.Gram6QuadraticCoordinates theorem PBCounterexample.Gram6.quadraticAlongMonomial_coeff._simp_1_2
QUADRATIC8_PROJECT_DECL PBCounterexample.Gram6QuadraticCoordinates definition PBCounterexample.Gram6.quadraticPairs
QUADRATIC8_PROJECT_DECL PBCounterexample.Gram6QuadraticCoordinates theorem PBCounterexample.Gram6.eval_quadraticAlongMonomial
QUADRATIC8_PROJECT_DECL PBCounterexample.Gram6QuadraticCoordinates theorem PBCounterexample.Gram6.quadraticPolynomial_homogeneous
QUADRATIC8_PROJECT_DECL PBCounterexample.Gram6QuadraticCoordinates theorem PBCounterexample.Gram6.quadraticPolynomial.eq_1
QUADRATIC8_PROJECT_DECL PBCounterexample.Gram6QuadraticCoordinates theorem PBCounterexample.Gram6.quadraticAlongTangent.eq_1
QUADRATIC8_PROJECT_DECL PBCounterexample.Gram6QuadraticCoordinates theorem PBCounterexample.Gram6.quadraticExponent_injective._proof_1_1
QUADRATIC8_PROJECT_DECL PBCounterexample.Gram6QuadraticCoordinates theorem PBCounterexample.Gram6.quadraticExponent_injective
QUADRATIC8_PROJECT_DECL PBCounterexample.Gram6QuadraticCoordinates definition PBCounterexample.Gram6.monomialCurve
QUADRATIC8_PROJECT_DECL PBCounterexample.Gram6QuadraticCoordinates theorem PBCounterexample.Gram6.quadraticAlongMonomial_coeff
QUADRATIC8_PROJECT_DECL PBCounterexample.Gram6QuadraticCoordinates theorem PBCounterexample.Gram6.quadraticPairs._proof_1
QUADRATIC8_PROJECT_DECL PBCounterexample.Gram6QuadraticCoordinates theorem PBCounterexample.Gram6.quadraticAlongMonomial.eq_1
QUADRATIC8_PROJECT_DECL PBCounterexample.Gram6QuadraticCoordinates theorem PBCounterexample.Gram6.quadraticExponent_injective._simp_1_2
QUADRATIC8_PROJECT_DECL PBCounterexample.Gram6QuadraticCoordinates definition PBCounterexample.Gram6.quadraticAlongMonomial
QUADRATIC8_PROJECT_DECL PBCounterexample.Gram6QuadraticCoordinates theorem PBCounterexample.Gram6.monomialCurve.eq_1
QUADRATIC8_PROJECT_DECL PBCounterexample.Gram6QuadraticCoordinates theorem PBCounterexample.Gram6.eval_quadraticAlongTangent
QUADRATIC8_PROJECT_DECL PBCounterexample.Gram6QuadraticCoordinates definition PBCounterexample.Gram6.quadraticExponent
QUADRATIC8_PROJECT_DECL PBCounterexample.Gram6QuadraticCoordinates definition PBCounterexample.Gram6.monomialTangent
QUADRATIC8_PROJECT_DECL PBCounterexample.Gram6QuadraticCoordinates theorem PBCounterexample.Gram6.quadraticPairs_complete
QUADRATIC8_PROJECT_DECL PBCounterexample.Gram6QuadraticCoordinates theorem PBCounterexample.Gram6.quadraticAlongTangent_coeff
QUADRATIC8_PROJECT_DECL PBCounterexample.Gram6QuadraticCoordinates theorem PBCounterexample.Gram6.quadraticAlongTangent_coeff._simp_1_2
QUADRATIC8_PROJECT_DECL PBCounterexample.Gram6QuadraticCoordinates theorem PBCounterexample.Gram6.quadraticExponent.eq_1
QUADRATIC8_PROJECT_DECL PBCounterexample.Gram6QuadraticCoordinates theorem PBCounterexample.Gram6.homogeneous_two_representation
QUADRATIC8_PROJECT_DECL PBCounterexample.Gram6QuadraticCoordinates theorem PBCounterexample.Gram6.monomialTangent.eq_1
QUADRATIC8_PROJECT_DECL PBCounterexample.Gram6QuadraticCoordinates definition PBCounterexample.Gram6.quadraticPolynomial
QUADRATIC8_PROJECT_DECL PBCounterexample.Gram6QuadraticCoordinates definition PBCounterexample.Gram6.quadraticAlongTangent
QUADRATIC8_PROJECT_MODULE PBCounterexample.Gram6MonomialKernel records=33
QUADRATIC8_PROJECT_DECL PBCounterexample.Gram6MonomialKernel definition PBCounterexample.Gram6.tangentQuadratic
QUADRATIC8_PROJECT_DECL PBCounterexample.Gram6MonomialKernel theorem _private.PBCounterexample.Gram6MonomialKernel.0.PBCounterexample.Gram6.kernel_tangent_coeff_3
QUADRATIC8_PROJECT_DECL PBCounterexample.Gram6MonomialKernel theorem _private.PBCounterexample.Gram6MonomialKernel.0.PBCounterexample.Gram6.kernel_reconstruction
QUADRATIC8_PROJECT_DECL PBCounterexample.Gram6MonomialKernel theorem _private.PBCounterexample.Gram6MonomialKernel.0.PBCounterexample.Gram6.kernel_monomial_coeff_6
QUADRATIC8_PROJECT_DECL PBCounterexample.Gram6MonomialKernel theorem _private.PBCounterexample.Gram6MonomialKernel.0.PBCounterexample.Gram6.kernel_monomial_coeff_8
QUADRATIC8_PROJECT_DECL PBCounterexample.Gram6MonomialKernel theorem PBCounterexample.Gram6.tangentQuadratic._proof_2
QUADRATIC8_PROJECT_DECL PBCounterexample.Gram6MonomialKernel theorem PBCounterexample.Gram6.tangentQuadratic._proof_3
QUADRATIC8_PROJECT_DECL PBCounterexample.Gram6MonomialKernel theorem _private.PBCounterexample.Gram6MonomialKernel.0.PBCounterexample.Gram6.kernel_tangent_coeff_5
QUADRATIC8_PROJECT_DECL PBCounterexample.Gram6MonomialKernel theorem _private.PBCounterexample.Gram6MonomialKernel.0.PBCounterexample.Gram6.kernel_tangent_coeff_1
QUADRATIC8_PROJECT_DECL PBCounterexample.Gram6MonomialKernel theorem _private.PBCounterexample.Gram6MonomialKernel.0.PBCounterexample.Gram6.kernel_monomial_coeff_1
QUADRATIC8_PROJECT_DECL PBCounterexample.Gram6MonomialKernel theorem _private.PBCounterexample.Gram6MonomialKernel.0.PBCounterexample.Gram6.kernel_monomial_coeff_5
QUADRATIC8_PROJECT_DECL PBCounterexample.Gram6MonomialKernel theorem _private.PBCounterexample.Gram6MonomialKernel.0.PBCounterexample.Gram6.kernel_tangent_coeff_2
QUADRATIC8_PROJECT_DECL PBCounterexample.Gram6MonomialKernel theorem _private.PBCounterexample.Gram6MonomialKernel.0.PBCounterexample.Gram6.kernel_monomial_coeff_2
QUADRATIC8_PROJECT_DECL PBCounterexample.Gram6MonomialKernel theorem _private.PBCounterexample.Gram6MonomialKernel.0.PBCounterexample.Gram6.kernel_monomial_coeff_3
QUADRATIC8_PROJECT_DECL PBCounterexample.Gram6MonomialKernel theorem _private.PBCounterexample.Gram6MonomialKernel.0.PBCounterexample.Gram6.kernel_solve_weight4
QUADRATIC8_PROJECT_DECL PBCounterexample.Gram6MonomialKernel theorem _private.PBCounterexample.Gram6MonomialKernel.0.PBCounterexample.Gram6.kernel_tangent_coeff_4
QUADRATIC8_PROJECT_DECL PBCounterexample.Gram6MonomialKernel theorem _private.PBCounterexample.Gram6MonomialKernel.0.PBCounterexample.Gram6.kernel_solve_weight7
QUADRATIC8_PROJECT_DECL PBCounterexample.Gram6MonomialKernel theorem _private.PBCounterexample.Gram6MonomialKernel.0.PBCounterexample.Gram6.kernel_sum_fin21
QUADRATIC8_PROJECT_DECL PBCounterexample.Gram6MonomialKernel theorem PBCounterexample.Gram6.homogeneous_quadratic_monomial_kernel
QUADRATIC8_PROJECT_DECL PBCounterexample.Gram6MonomialKernel theorem _private.PBCounterexample.Gram6MonomialKernel.0.PBCounterexample.Gram6.kernel_solve_weight6
QUADRATIC8_PROJECT_DECL PBCounterexample.Gram6MonomialKernel theorem _private.PBCounterexample.Gram6MonomialKernel.0.PBCounterexample.Gram6.kernel_tangent_coeff_6
QUADRATIC8_PROJECT_DECL PBCounterexample.Gram6MonomialKernel theorem _private.PBCounterexample.Gram6MonomialKernel.0.PBCounterexample.Gram6.kernel_coefficients
QUADRATIC8_PROJECT_DECL PBCounterexample.Gram6MonomialKernel theorem _private.PBCounterexample.Gram6MonomialKernel.0.PBCounterexample.Gram6.kernel_monomial_coeff_9
QUADRATIC8_PROJECT_DECL PBCounterexample.Gram6MonomialKernel theorem PBCounterexample.Gram6.tangentQuadratic._proof_1
QUADRATIC8_PROJECT_DECL PBCounterexample.Gram6MonomialKernel theorem PBCounterexample.Gram6.tangentQuadratic._proof_4
QUADRATIC8_PROJECT_DECL PBCounterexample.Gram6MonomialKernel theorem _private.PBCounterexample.Gram6MonomialKernel.0.PBCounterexample.Gram6.kernel_monomial_coeff_0
QUADRATIC8_PROJECT_DECL PBCounterexample.Gram6MonomialKernel theorem _private.PBCounterexample.Gram6MonomialKernel.0.PBCounterexample.Gram6.kernel_monomial_coeff_7
QUADRATIC8_PROJECT_DECL PBCounterexample.Gram6MonomialKernel theorem _private.PBCounterexample.Gram6MonomialKernel.0.PBCounterexample.Gram6.kernel_solve_weight8
QUADRATIC8_PROJECT_DECL PBCounterexample.Gram6MonomialKernel theorem _private.PBCounterexample.Gram6MonomialKernel.0.PBCounterexample.Gram6.kernel_tangent_coeff_0
QUADRATIC8_PROJECT_DECL PBCounterexample.Gram6MonomialKernel theorem _private.PBCounterexample.Gram6MonomialKernel.0.PBCounterexample.Gram6.kernel_solve_weight5
QUADRATIC8_PROJECT_DECL PBCounterexample.Gram6MonomialKernel theorem PBCounterexample.Gram6.quadraticPolynomial_of_joint_vanishing
QUADRATIC8_PROJECT_DECL PBCounterexample.Gram6MonomialKernel theorem _private.PBCounterexample.Gram6MonomialKernel.0.PBCounterexample.Gram6.kernel_monomial_coeff_4
QUADRATIC8_PROJECT_DECL PBCounterexample.Gram6MonomialKernel theorem _private.PBCounterexample.Gram6MonomialKernel.0.PBCounterexample.Gram6.kernel_monomial_coeff_10
QUADRATIC8_PROJECT_MODULE PBCounterexample.Basic records=41
QUADRATIC8_PROJECT_DECL PBCounterexample.Basic definition PBCounterexample.LatticeExpr.sup.elim
QUADRATIC8_PROJECT_DECL PBCounterexample.Basic theorem PBCounterexample.LatticeExpr.sup.injEq
QUADRATIC8_PROJECT_DECL PBCounterexample.Basic theorem PBCounterexample.LatticeExpr.eval_leaf
QUADRATIC8_PROJECT_DECL PBCounterexample.Basic theorem PBCounterexample.LatticeExpr.sup.sizeOf_spec
QUADRATIC8_PROJECT_DECL PBCounterexample.Basic definition PBCounterexample.IsPolynomialLattice
QUADRATIC8_PROJECT_DECL PBCounterexample.Basic definition PBCounterexample.LatticeExpr.ctorElim
QUADRATIC8_PROJECT_DECL PBCounterexample.Basic theorem PBCounterexample.LatticeExpr.eval_inf
QUADRATIC8_PROJECT_DECL PBCounterexample.Basic definition PBCounterexample.LatticeExpr.recOn
QUADRATIC8_PROJECT_DECL PBCounterexample.Basic theorem PBCounterexample.LatticeExpr.sup.inj
QUADRATIC8_PROJECT_DECL PBCounterexample.Basic definition PBCounterexample.LatticeExpr.leaf.elim
QUADRATIC8_PROJECT_DECL PBCounterexample.Basic theorem PBCounterexample.LatticeExpr.leaf.injEq
QUADRATIC8_PROJECT_DECL PBCounterexample.Basic theorem PBCounterexample.LatticeExpr.leaf.sizeOf_spec
QUADRATIC8_PROJECT_DECL PBCounterexample.Basic definition PBCounterexample.LatticeExpr.eval._f
QUADRATIC8_PROJECT_DECL PBCounterexample.Basic constructor PBCounterexample.LatticeExpr.leaf
QUADRATIC8_PROJECT_DECL PBCounterexample.Basic definition PBCounterexample.LatticeExpr._sizeOf_1
QUADRATIC8_PROJECT_DECL PBCounterexample.Basic theorem PBCounterexample.LatticeExpr.leaf.inj
QUADRATIC8_PROJECT_DECL PBCounterexample.Basic definition PBCounterexample.LatticeExpr.eval._sunfold
QUADRATIC8_PROJECT_DECL PBCounterexample.Basic definition PBCounterexample.LatticeExpr.leaf.noConfusion
QUADRATIC8_PROJECT_DECL PBCounterexample.Basic definition PBCounterexample.LatticeExpr.below
QUADRATIC8_PROJECT_DECL PBCounterexample.Basic definition PBCounterexample.LatticeExpr.brecOn
QUADRATIC8_PROJECT_DECL PBCounterexample.Basic definition PBCounterexample.LatticeExpr.eval
QUADRATIC8_PROJECT_DECL PBCounterexample.Basic definition PBCounterexample.LatticeExpr.noConfusion
QUADRATIC8_PROJECT_DECL PBCounterexample.Basic definition PBCounterexample.LatticeExpr.casesOn
QUADRATIC8_PROJECT_DECL PBCounterexample.Basic theorem PBCounterexample.LatticeExpr.brecOn.eq
QUADRATIC8_PROJECT_DECL PBCounterexample.Basic definition PBCounterexample.LatticeExpr.sup.noConfusion
QUADRATIC8_PROJECT_DECL PBCounterexample.Basic definition PBCounterexample.LatticeExpr.ctorIdx
QUADRATIC8_PROJECT_DECL PBCounterexample.Basic definition PBCounterexample.LatticeExpr._sizeOf_inst
QUADRATIC8_PROJECT_DECL PBCounterexample.Basic theorem PBCounterexample.LatticeExpr.eval_sup
QUADRATIC8_PROJECT_DECL PBCounterexample.Basic inductive PBCounterexample.LatticeExpr
QUADRATIC8_PROJECT_DECL PBCounterexample.Basic definition PBCounterexample.LatticeExpr.noConfusionType
QUADRATIC8_PROJECT_DECL PBCounterexample.Basic definition PBCounterexample.LatticeExpr.inf.elim
QUADRATIC8_PROJECT_DECL PBCounterexample.Basic theorem PBCounterexample.LatticeExpr.inf.injEq
QUADRATIC8_PROJECT_DECL PBCounterexample.Basic theorem PBCounterexample.LatticeExpr.inf.sizeOf_spec
QUADRATIC8_PROJECT_DECL PBCounterexample.Basic definition PBCounterexample.LatticeExpr.eval.match_1
QUADRATIC8_PROJECT_DECL PBCounterexample.Basic constructor PBCounterexample.LatticeExpr.inf
QUADRATIC8_PROJECT_DECL PBCounterexample.Basic definition PBCounterexample.LatticeExpr.ctorElimType
QUADRATIC8_PROJECT_DECL PBCounterexample.Basic definition PBCounterexample.LatticeExpr.brecOn.go
QUADRATIC8_PROJECT_DECL PBCounterexample.Basic theorem PBCounterexample.LatticeExpr.inf.inj
QUADRATIC8_PROJECT_DECL PBCounterexample.Basic constructor PBCounterexample.LatticeExpr.sup
QUADRATIC8_PROJECT_DECL PBCounterexample.Basic recursor PBCounterexample.LatticeExpr.rec
QUADRATIC8_PROJECT_DECL PBCounterexample.Basic definition PBCounterexample.LatticeExpr.inf.noConfusion
QUADRATIC8_PROJECT_MODULE PBCounterexample.PolynomialSubstitution records=30
QUADRATIC8_PROJECT_DECL PBCounterexample.PolynomialSubstitution theorem PBCounterexample.LatticeExpr.eval_substitute
QUADRATIC8_PROJECT_DECL PBCounterexample.PolynomialSubstitution theorem PBCounterexample.eval_polynomial_substitution
QUADRATIC8_PROJECT_DECL PBCounterexample.PolynomialSubstitution theorem PBCounterexample.LatticeExpr.substitute.eq_1
QUADRATIC8_PROJECT_DECL PBCounterexample.PolynomialSubstitution theorem _private.PBCounterexample.PolynomialSubstitution.0.PBCounterexample.LatticeExpr.eval.match_1.eq_1
QUADRATIC8_PROJECT_DECL PBCounterexample.PolynomialSubstitution theorem PBCounterexample.LatticeExpr.substitute.eq_def
QUADRATIC8_PROJECT_DECL PBCounterexample.PolynomialSubstitution theorem _private.PBCounterexample.PolynomialSubstitution.0.PBCounterexample.LatticeExpr.eval.match_1.eq_2
QUADRATIC8_PROJECT_DECL PBCounterexample.PolynomialSubstitution theorem PBCounterexample.FiniteClosedPolynomialCover.precomp_polynomials._proof_3
QUADRATIC8_PROJECT_DECL PBCounterexample.PolynomialSubstitution theorem PBCounterexample.FiniteClosedPolynomialCover.precomp_polynomials._proof_2
QUADRATIC8_PROJECT_DECL PBCounterexample.PolynomialSubstitution theorem PBCounterexample.LatticeExpr.substitute.eq_2
QUADRATIC8_PROJECT_DECL PBCounterexample.PolynomialSubstitution theorem _private.PBCounterexample.PolynomialSubstitution.0.PBCounterexample.LatticeExpr.eval.match_1.eq_3
QUADRATIC8_PROJECT_DECL PBCounterexample.PolynomialSubstitution theorem PBCounterexample.LatticeExpr.substitute.eq_3
QUADRATIC8_PROJECT_DECL PBCounterexample.PolynomialSubstitution theorem PBCounterexample.IsSemialgebraic.preimage_polynomials
QUADRATIC8_PROJECT_DECL PBCounterexample.PolynomialSubstitution theorem PBCounterexample.homogeneous_polynomial_substitution
QUADRATIC8_PROJECT_DECL PBCounterexample.PolynomialSubstitution theorem PBCounterexample.LatticeExpr.eval.eq_2
QUADRATIC8_PROJECT_DECL PBCounterexample.PolynomialSubstitution definition PBCounterexample.LatticeExpr.substitute._sunfold
QUADRATIC8_PROJECT_DECL PBCounterexample.PolynomialSubstitution definition PBCounterexample.LatticeExpr.substitute
QUADRATIC8_PROJECT_DECL PBCounterexample.PolynomialSubstitution theorem _private.PBCounterexample.PolynomialSubstitution.0.PBCounterexample.LatticeExpr.substitute.match_1.eq_1
QUADRATIC8_PROJECT_DECL PBCounterexample.PolynomialSubstitution definition _private.PBCounterexample.PolynomialSubstitution.0.PBCounterexample.LatticeExpr.substitute.match_1.splitter
QUADRATIC8_PROJECT_DECL PBCounterexample.PolynomialSubstitution definition PBCounterexample.LatticeExpr.substitute.match_1
QUADRATIC8_PROJECT_DECL PBCounterexample.PolynomialSubstitution theorem _private.PBCounterexample.PolynomialSubstitution.0.PBCounterexample.LatticeExpr.substitute.match_1.eq_2
QUADRATIC8_PROJECT_DECL PBCounterexample.PolynomialSubstitution theorem _private.PBCounterexample.PolynomialSubstitution.0.PBCounterexample.LatticeExpr.substitute.match_1.eq_3
QUADRATIC8_PROJECT_DECL PBCounterexample.PolynomialSubstitution theorem PBCounterexample.FiniteClosedPolynomialCover.precomp_polynomials._proof_1
QUADRATIC8_PROJECT_DECL PBCounterexample.PolynomialSubstitution theorem PBCounterexample.FiniteClosedPolynomialCover.precomp_polynomials._proof_4
QUADRATIC8_PROJECT_DECL PBCounterexample.PolynomialSubstitution theorem PBCounterexample.LatticeExpr.eval.eq_1
QUADRATIC8_PROJECT_DECL PBCounterexample.PolynomialSubstitution definition PBCounterexample.LatticeExpr.substitute._f
QUADRATIC8_PROJECT_DECL PBCounterexample.PolynomialSubstitution theorem PBCounterexample.IsPolynomialLattice.precomp_polynomials
QUADRATIC8_PROJECT_DECL PBCounterexample.PolynomialSubstitution definition _private.PBCounterexample.PolynomialSubstitution.0.PBCounterexample.LatticeExpr.eval.match_1.splitter
QUADRATIC8_PROJECT_DECL PBCounterexample.PolynomialSubstitution theorem PBCounterexample.LatticeExpr.eval.eq_3
QUADRATIC8_STORED_PROOF_VARIANT_RETAINED stored=PBCounterexample.PolynomialSubstitution name=PBCounterexample.LatticeExpr.eval.eq_def; raw traversal and fresh-name kernel checking required
QUADRATIC8_PROJECT_DECL PBCounterexample.PolynomialSubstitution theorem PBCounterexample.LatticeExpr.eval.eq_def
QUADRATIC8_PROJECT_DECL PBCounterexample.PolynomialSubstitution definition PBCounterexample.FiniteClosedPolynomialCover.precomp_polynomials
QUADRATIC8_PROJECT_MODULE PBCounterexample.Gram6Kernel records=48
QUADRATIC8_PROJECT_DECL PBCounterexample.Gram6Kernel theorem PBCounterexample.Gram6.fromMonomialPolynomial.eq_1
QUADRATIC8_PROJECT_DECL PBCounterexample.Gram6Kernel theorem PBCounterexample.Gram6.pullFromMonomial_injective
QUADRATIC8_PROJECT_DECL PBCounterexample.Gram6Kernel theorem _private.PBCounterexample.Gram6Kernel.0.PBCounterexample.Gram6.linear_monomial_coeff
QUADRATIC8_PROJECT_DECL PBCounterexample.Gram6Kernel definition PBCounterexample.Gram6.monomialCoordinatesPolynomial
QUADRATIC8_PROJECT_DECL PBCounterexample.Gram6Kernel theorem PBCounterexample.Gram6.fromMonomial_monomialTangent
QUADRATIC8_PROJECT_DECL PBCounterexample.Gram6Kernel theorem PBCounterexample.Gram6.pullToMonomial_homogeneous
QUADRATIC8_PROJECT_DECL PBCounterexample.Gram6Kernel theorem _private.PBCounterexample.Gram6Kernel.0.PBCounterexample.Gram6.gram12_add22_joint_vanishing
QUADRATIC8_PROJECT_DECL PBCounterexample.Gram6Kernel theorem PBCounterexample.Gram6.pullToMonomial_C
QUADRATIC8_PROJECT_DECL PBCounterexample.Gram6Kernel theorem _private.PBCounterexample.Gram6Kernel.0.PBCounterexample.Gram6.gram01_joint_vanishing
QUADRATIC8_PROJECT_DECL PBCounterexample.Gram6Kernel theorem PBCounterexample.Gram6.homogeneous_quadratic_original_kernel
QUADRATIC8_PROJECT_DECL PBCounterexample.Gram6Kernel theorem PBCounterexample.Gram6.homogeneous_quadratic_original_kernel_iff
QUADRATIC8_PROJECT_DECL PBCounterexample.Gram6Kernel theorem PBCounterexample.Gram6.pullFromMonomial_C
QUADRATIC8_PROJECT_DECL PBCounterexample.Gram6Kernel theorem PBCounterexample.Gram6.pullToMonomial_gramPolynomial01
QUADRATIC8_PROJECT_DECL PBCounterexample.Gram6Kernel theorem PBCounterexample.Gram6.monomialCoordinatesPolynomial_homogeneous
QUADRATIC8_PROJECT_DECL PBCounterexample.Gram6Kernel definition PBCounterexample.Gram6.polynomialCoordinateEquiv
QUADRATIC8_PROJECT_DECL PBCounterexample.Gram6Kernel theorem PBCounterexample.Gram6.pullToMonomial_gramPolynomial00
QUADRATIC8_PROJECT_DECL PBCounterexample.Gram6Kernel theorem PBCounterexample.Gram6.eval_pullToMonomial
QUADRATIC8_PROJECT_DECL PBCounterexample.Gram6Kernel theorem PBCounterexample.Gram6.monomialCoordinatesPolynomial._proof_2
QUADRATIC8_PROJECT_DECL PBCounterexample.Gram6Kernel theorem PBCounterexample.Gram6.homogeneous_linear_monomial_kernel
QUADRATIC8_PROJECT_DECL PBCounterexample.Gram6Kernel theorem PBCounterexample.Gram6.fromMonomialPolynomial._proof_2
QUADRATIC8_PROJECT_DECL PBCounterexample.Gram6Kernel theorem PBCounterexample.Gram6.fromMonomialPolynomial._proof_3
QUADRATIC8_PROJECT_DECL PBCounterexample.Gram6Kernel theorem PBCounterexample.Gram6.pullToMonomial_pullFromMonomial
QUADRATIC8_PROJECT_DECL PBCounterexample.Gram6Kernel theorem PBCounterexample.Gram6.pullToMonomial.eq_1
QUADRATIC8_PROJECT_DECL PBCounterexample.Gram6Kernel theorem PBCounterexample.Gram6.fromMonomial_monomialCurve
QUADRATIC8_PROJECT_DECL PBCounterexample.Gram6Kernel definition PBCounterexample.Gram6.fromMonomialPolynomial
QUADRATIC8_PROJECT_DECL PBCounterexample.Gram6Kernel theorem PBCounterexample.Gram6.pullFromMonomial_homogeneous
QUADRATIC8_PROJECT_DECL PBCounterexample.Gram6Kernel theorem PBCounterexample.Gram6.eval_fromMonomialPolynomial
QUADRATIC8_PROJECT_DECL PBCounterexample.Gram6Kernel theorem PBCounterexample.Gram6.pullToMonomial_injective
QUADRATIC8_PROJECT_DECL PBCounterexample.Gram6Kernel theorem PBCounterexample.Gram6.pullFromMonomial_pullToMonomial
QUADRATIC8_PROJECT_DECL PBCounterexample.Gram6Kernel theorem PBCounterexample.Gram6.monomialCoordinatesPolynomial._proof_1
QUADRATIC8_PROJECT_DECL PBCounterexample.Gram6Kernel definition PBCounterexample.Gram6.pullToMonomial
QUADRATIC8_PROJECT_DECL PBCounterexample.Gram6Kernel theorem PBCounterexample.Gram6.exists_curve_eval_ne_zero_of_homogeneous_one
QUADRATIC8_PROJECT_DECL PBCounterexample.Gram6Kernel theorem PBCounterexample.Gram6.monomialCoordinatesPolynomial.eq_1
QUADRATIC8_PROJECT_DECL PBCounterexample.Gram6Kernel theorem PBCounterexample.Gram6.homogeneous_linear_original_kernel
QUADRATIC8_PROJECT_DECL PBCounterexample.Gram6Kernel theorem PBCounterexample.Gram6.fromMonomialPolynomial_homogeneous
QUADRATIC8_PROJECT_DECL PBCounterexample.Gram6Kernel theorem PBCounterexample.Gram6.tangentQuadratic.eq_1
QUADRATIC8_PROJECT_DECL PBCounterexample.Gram6Kernel definition PBCounterexample.Gram6.pullFromMonomial
QUADRATIC8_PROJECT_DECL PBCounterexample.Gram6Kernel theorem _private.PBCounterexample.Gram6Kernel.0.PBCounterexample.Gram6.gram00_joint_vanishing
QUADRATIC8_PROJECT_DECL PBCounterexample.Gram6Kernel theorem PBCounterexample.Gram6.fromMonomialPolynomial._proof_1
QUADRATIC8_PROJECT_DECL PBCounterexample.Gram6Kernel theorem PBCounterexample.Gram6.fromMonomialPolynomial._proof_4
QUADRATIC8_PROJECT_DECL PBCounterexample.Gram6Kernel theorem _private.PBCounterexample.Gram6Kernel.0.PBCounterexample.Gram6.linear_monomial_coeff._simp_1_1
QUADRATIC8_PROJECT_DECL PBCounterexample.Gram6Kernel theorem PBCounterexample.Gram6.eval_pullFromMonomial
QUADRATIC8_PROJECT_DECL PBCounterexample.Gram6Kernel theorem PBCounterexample.Gram6.eval_monomialCoordinatesPolynomial
QUADRATIC8_PROJECT_DECL PBCounterexample.Gram6Kernel theorem PBCounterexample.Gram6.polynomialCoordinateEquiv._proof_1
QUADRATIC8_PROJECT_DECL PBCounterexample.Gram6Kernel theorem PBCounterexample.Gram6.polynomialCoordinateEquiv._proof_2
QUADRATIC8_PROJECT_DECL PBCounterexample.Gram6Kernel theorem _private.PBCounterexample.Gram6Kernel.0.PBCounterexample.Gram6.kernel_sixth_entry
QUADRATIC8_PROJECT_DECL PBCounterexample.Gram6Kernel theorem PBCounterexample.Gram6.pullFromMonomial.eq_1
QUADRATIC8_PROJECT_DECL PBCounterexample.Gram6Kernel theorem PBCounterexample.Gram6.pullToMonomial_gramPolynomial12_add22
QUADRATIC8_PROJECT_MODULE PBCounterexample.Gram6Polarization records=20
QUADRATIC8_PROJECT_DECL PBCounterexample.Gram6Polarization theorem PBCounterexample.Gram6.aMatrix_smul
QUADRATIC8_PROJECT_DECL PBCounterexample.Gram6Polarization theorem PBCounterexample.Gram6.gramPolar_comm
QUADRATIC8_PROJECT_DECL PBCounterexample.Gram6Polarization theorem PBCounterexample.Gram6.gramPolar_add_right
QUADRATIC8_PROJECT_DECL PBCounterexample.Gram6Polarization theorem PBCounterexample.Gram6.gramPolar_entry02
QUADRATIC8_PROJECT_DECL PBCounterexample.Gram6Polarization theorem PBCounterexample.Gram6.gramMatrix_smul
QUADRATIC8_PROJECT_DECL PBCounterexample.Gram6Polarization theorem PBCounterexample.Gram6.gramPolar_smul_left
QUADRATIC8_PROJECT_DECL PBCounterexample.Gram6Polarization theorem PBCounterexample.Gram6.bMatrix_add
QUADRATIC8_PROJECT_DECL PBCounterexample.Gram6Polarization theorem PBCounterexample.Gram6.gramPolar_relation
QUADRATIC8_PROJECT_DECL PBCounterexample.Gram6Polarization theorem PBCounterexample.Gram6.gramPolar._proof_2
QUADRATIC8_PROJECT_DECL PBCounterexample.Gram6Polarization theorem PBCounterexample.Gram6.gramPolar._proof_3
QUADRATIC8_PROJECT_DECL PBCounterexample.Gram6Polarization definition PBCounterexample.Gram6.gramPolar
QUADRATIC8_PROJECT_DECL PBCounterexample.Gram6Polarization theorem PBCounterexample.Gram6.gramMatrix_add_smul
QUADRATIC8_PROJECT_DECL PBCounterexample.Gram6Polarization theorem PBCounterexample.Gram6.gramPolar._proof_1
QUADRATIC8_PROJECT_DECL PBCounterexample.Gram6Polarization theorem PBCounterexample.Gram6.gramPolar.eq_1
QUADRATIC8_PROJECT_DECL PBCounterexample.Gram6Polarization theorem PBCounterexample.Gram6.gramPolar_self
QUADRATIC8_PROJECT_DECL PBCounterexample.Gram6Polarization theorem PBCounterexample.Gram6.gramPolar_symmetric
QUADRATIC8_PROJECT_DECL PBCounterexample.Gram6Polarization theorem PBCounterexample.Gram6.aMatrix_add
QUADRATIC8_PROJECT_DECL PBCounterexample.Gram6Polarization theorem PBCounterexample.Gram6.bMatrix_smul
QUADRATIC8_PROJECT_DECL PBCounterexample.Gram6Polarization theorem PBCounterexample.Gram6.gramPolar_smul_right
QUADRATIC8_PROJECT_DECL PBCounterexample.Gram6Polarization theorem PBCounterexample.Gram6.gramMatrix_add
QUADRATIC8_PROJECT_MODULE PBCounterexample.Gram6Variations records=54
QUADRATIC8_PROJECT_DECL PBCounterexample.Gram6Variations theorem PBCounterexample.Gram6.kernelDirection0.eq_1
QUADRATIC8_PROJECT_DECL PBCounterexample.Gram6Variations theorem PBCounterexample.Gram6.interiorScale.eq_1
QUADRATIC8_PROJECT_DECL PBCounterexample.Gram6Variations theorem PBCounterexample.Gram6.curveAcceleration._proof_4
QUADRATIC8_PROJECT_DECL PBCounterexample.Gram6Variations theorem PBCounterexample.Gram6.curveAcceleration._proof_1
QUADRATIC8_PROJECT_DECL PBCounterexample.Gram6Variations theorem PBCounterexample.Gram6.gramFunctional_normal_add_kernel
QUADRATIC8_PROJECT_DECL PBCounterexample.Gram6Variations definition PBCounterexample.Gram6.interiorTarget
QUADRATIC8_PROJECT_DECL PBCounterexample.Gram6Variations theorem PBCounterexample.Gram6.curveThird.eq_1
QUADRATIC8_PROJECT_DECL PBCounterexample.Gram6Variations theorem _private.PBCounterexample.Gram6Variations.0.PBCounterexample.Gram6.sixth_entry
QUADRATIC8_PROJECT_DECL PBCounterexample.Gram6Variations theorem PBCounterexample.Gram6.curveThird._proof_1
QUADRATIC8_PROJECT_DECL PBCounterexample.Gram6Variations definition PBCounterexample.Gram6.curveThird
QUADRATIC8_PROJECT_DECL PBCounterexample.Gram6Variations theorem PBCounterexample.Gram6.gramFunctional_smul
QUADRATIC8_PROJECT_DECL PBCounterexample.Gram6Variations theorem PBCounterexample.Gram6.gramFunctional_gramPolar_base
QUADRATIC8_PROJECT_DECL PBCounterexample.Gram6Variations theorem PBCounterexample.Gram6.gramPolar_base_kernelDirection
QUADRATIC8_PROJECT_DECL PBCounterexample.Gram6Variations definition PBCounterexample.Gram6.normalDirection
QUADRATIC8_PROJECT_DECL PBCounterexample.Gram6Variations definition PBCounterexample.Gram6.kernelDirection
QUADRATIC8_PROJECT_DECL PBCounterexample.Gram6Variations theorem PBCounterexample.Gram6.kernelDirection0._proof_1
QUADRATIC8_PROJECT_DECL PBCounterexample.Gram6Variations theorem PBCounterexample.Gram6.gramPolar_base_kernelDirection0
QUADRATIC8_PROJECT_DECL PBCounterexample.Gram6Variations theorem PBCounterexample.Gram6.gramFunctional_acceleration_kernelDirection0
QUADRATIC8_PROJECT_DECL PBCounterexample.Gram6Variations definition PBCounterexample.Gram6.interiorScale
QUADRATIC8_PROJECT_DECL PBCounterexample.Gram6Variations theorem PBCounterexample.Gram6.interiorScale._proof_1
QUADRATIC8_PROJECT_DECL PBCounterexample.Gram6Variations theorem PBCounterexample.Gram6.gramFunctional_add
QUADRATIC8_PROJECT_DECL PBCounterexample.Gram6Variations theorem PBCounterexample.Gram6.curveAcceleration.eq_1
QUADRATIC8_PROJECT_DECL PBCounterexample.Gram6Variations theorem PBCounterexample.Gram6.gramFunctional_normal_kernelDirection
QUADRATIC8_PROJECT_DECL PBCounterexample.Gram6Variations definition PBCounterexample.Gram6.gramCoordinates
QUADRATIC8_PROJECT_DECL PBCounterexample.Gram6Variations theorem PBCounterexample.Gram6.kernelDirection._proof_1
QUADRATIC8_PROJECT_DECL PBCounterexample.Gram6Variations theorem PBCounterexample.Gram6.normalDirection._proof_1
QUADRATIC8_PROJECT_DECL PBCounterexample.Gram6Variations theorem PBCounterexample.Gram6.normalDirection.eq_1
QUADRATIC8_PROJECT_DECL PBCounterexample.Gram6Variations theorem PBCounterexample.Gram6.kernelDirection.eq_1
QUADRATIC8_PROJECT_DECL PBCounterexample.Gram6Variations definition PBCounterexample.Gram6.curveAcceleration
QUADRATIC8_PROJECT_DECL PBCounterexample.Gram6Variations theorem PBCounterexample.Gram6.gramFunctional_gramMatrix_normal
QUADRATIC8_PROJECT_DECL PBCounterexample.Gram6Variations definition PBCounterexample.Gram6.kernelDirection0
QUADRATIC8_PROJECT_DECL PBCounterexample.Gram6Variations theorem PBCounterexample.Gram6.gramFunctional_acceleration_third
QUADRATIC8_PROJECT_DECL PBCounterexample.Gram6Variations theorem PBCounterexample.Gram6.gramFunctional_gramMatrix_third
QUADRATIC8_PROJECT_DECL PBCounterexample.Gram6Variations theorem PBCounterexample.Gram6.curveAcceleration._proof_2
QUADRATIC8_PROJECT_DECL PBCounterexample.Gram6Variations theorem PBCounterexample.Gram6.curveAcceleration._proof_3
QUADRATIC8_PROJECT_DECL PBCounterexample.Gram6Variations theorem PBCounterexample.Gram6.tangentScale.eq_1
QUADRATIC8_PROJECT_DECL PBCounterexample.Gram6Variations theorem PBCounterexample.Gram6.gramFunctional_gramMatrix_kernelDirection
QUADRATIC8_PROJECT_DECL PBCounterexample.Gram6Variations theorem PBCounterexample.Gram6.gramFunctional_sub
QUADRATIC8_PROJECT_DECL PBCounterexample.Gram6Variations theorem PBCounterexample.Gram6.gramFunctional_gramMatrix_kernelDirection0
QUADRATIC8_PROJECT_DECL PBCounterexample.Gram6Variations definition PBCounterexample.Gram6.tangentScale
QUADRATIC8_PROJECT_DECL PBCounterexample.Gram6Variations theorem PBCounterexample.Gram6.gramPolar_base_normal
QUADRATIC8_PROJECT_DECL PBCounterexample.Gram6Variations theorem PBCounterexample.Gram6.gramFunctional_gramMatrix_acceleration
QUADRATIC8_PROJECT_DECL PBCounterexample.Gram6Variations definition PBCounterexample.Gram6.gramFunctional
QUADRATIC8_PROJECT_DECL PBCounterexample.Gram6Variations theorem PBCounterexample.Gram6.interiorScale_pos
QUADRATIC8_PROJECT_DECL PBCounterexample.Gram6Variations theorem PBCounterexample.Gram6.interiorTarget.eq_1
QUADRATIC8_PROJECT_DECL PBCounterexample.Gram6Variations theorem PBCounterexample.Gram6.tangentScale_pos
QUADRATIC8_PROJECT_DECL PBCounterexample.Gram6Variations theorem PBCounterexample.Gram6.gramPolar_curve_acceleration
QUADRATIC8_PROJECT_DECL PBCounterexample.Gram6Variations theorem PBCounterexample.Gram6.gramPolar_curve_third
QUADRATIC8_PROJECT_DECL PBCounterexample.Gram6Variations theorem PBCounterexample.Gram6.gramFunctional_rankOneTarget
QUADRATIC8_PROJECT_DECL PBCounterexample.Gram6Variations theorem PBCounterexample.Gram6.gramPolar_sub_right
QUADRATIC8_PROJECT_DECL PBCounterexample.Gram6Variations theorem PBCounterexample.Gram6.curveThird._proof_2
QUADRATIC8_PROJECT_DECL PBCounterexample.Gram6Variations theorem PBCounterexample.Gram6.gramFunctional._proof_1
QUADRATIC8_PROJECT_DECL PBCounterexample.Gram6Variations theorem PBCounterexample.Gram6.gramFunctional_interiorTarget
QUADRATIC8_PROJECT_DECL PBCounterexample.Gram6Variations theorem PBCounterexample.Gram6.gramFunctional.eq_1
QUADRATIC8_PROJECT_MODULE PBCounterexample.Radial records=43
QUADRATIC8_PROJECT_DECL PBCounterexample.Radial theorem PBCounterexample.LatticeExpr.map_evalWith
QUADRATIC8_PROJECT_DECL PBCounterexample.Radial definition _private.PBCounterexample.Radial.0.PBCounterexample.LatticeExpr.eval.match_1.splitter
QUADRATIC8_PROJECT_DECL PBCounterexample.Radial theorem PBCounterexample.LatticeExpr.evalWith_eval
QUADRATIC8_OPERATIONAL_STORED_RECORD_CHECKED PBCounterexample.Radial PBCounterexample.LatticeExpr.evalWith._unsafe_rec parent=PBCounterexample.LatticeExpr.evalWith complete_body_equal=true safety=partial hints=opaque all=[self] levels=[u_1] noncomputable=false; not a mathematical root
QUADRATIC8_OPERATIONAL_TYPE PBCounterexample.LatticeExpr.evalWith._unsafe_rec {σ : Type u_1} →
  (MvPolynomial σ ℝ → ℝ) → PBCounterexample.LatticeExpr σ → ℝ
QUADRATIC8_OPERATIONAL_BODY_DEPENDENCIES PBCounterexample.LatticeExpr.evalWith._unsafe_rec [MvPolynomial,
 MvPolynomial,
 Real,
 Real,
 Max.max,
 Min.min,
 PBCounterexample.LatticeExpr,
 PBCounterexample.LatticeExpr,
 Real.instCommSemiring,
 Real.instCommSemiring,
 Real.instMax,
 Real.instMin,
 PBCounterexample.LatticeExpr.evalWith._unsafe_rec,
 PBCounterexample.LatticeExpr.evalWith.match_1]
QUADRATIC8_PROJECT_DECL PBCounterexample.Radial theorem PBCounterexample.LatticeExpr.tendsto_evalWith
QUADRATIC8_PROJECT_DECL PBCounterexample.Radial theorem PBCounterexample.LatticeExpr.evalWith.eq_def
QUADRATIC8_PROJECT_DECL PBCounterexample.Radial definition PBCounterexample.LatticeExpr.evalWith._sunfold
QUADRATIC8_PROJECT_DECL PBCounterexample.Radial definition PBCounterexample.LatticeExpr.evalWith
QUADRATIC8_DUPLICATE_RECORD PBCounterexample.LatticeExpr.eval.eq_2 stored=PBCounterexample.Radial first_registered=PBCounterexample.PolynomialSubstitution
QUADRATIC8_PROJECT_DECL PBCounterexample.Radial theorem _private.PBCounterexample.Radial.0.PBCounterexample.LatticeExpr.evalWith.match_1.eq_3
QUADRATIC8_PROJECT_DECL PBCounterexample.Radial theorem PBCounterexample.LatticeExpr.evalWith.eq_3
QUADRATIC8_PROJECT_DECL PBCounterexample.Radial definition PBCounterexample.LatticeExpr.leaves._f
QUADRATIC8_PROJECT_DECL PBCounterexample.Radial theorem _private.PBCounterexample.Radial.0.PBCounterexample.LatticeExpr.eval.match_1.eq_2
QUADRATIC8_PROJECT_DECL PBCounterexample.Radial theorem PBCounterexample.LatticeExpr.clipped_homogeneous_eval
QUADRATIC8_PROJECT_DECL PBCounterexample.Radial theorem PBCounterexample.LatticeExpr.clipped_homogeneous_eval._simp_1_6
QUADRATIC8_PROJECT_DECL PBCounterexample.Radial theorem _private.PBCounterexample.Radial.0.PBCounterexample.LatticeExpr.evalWith.match_1.eq_2
QUADRATIC8_PROJECT_DECL PBCounterexample.Radial theorem PBCounterexample.LatticeExpr.clipped_homogeneous_eval._simp_1_4
QUADRATIC8_PROJECT_DECL PBCounterexample.Radial theorem PBCounterexample.LatticeExpr.clipped_homogeneous_eval._simp_1_7
QUADRATIC8_PROJECT_DECL PBCounterexample.Radial theorem PBCounterexample.LatticeExpr.evalWith.eq_2
QUADRATIC8_PROJECT_DECL PBCounterexample.Radial theorem PBCounterexample.LatticeExpr.clipped_homogeneous_eval._simp_1_2
QUADRATIC8_PROJECT_DECL PBCounterexample.Radial definition _private.PBCounterexample.Radial.0.PBCounterexample.LatticeExpr.evalWith.match_1.splitter
QUADRATIC8_PROJECT_DECL PBCounterexample.Radial theorem _private.PBCounterexample.Radial.0.PBCounterexample.LatticeExpr.evalWith.match_1.eq_1
QUADRATIC8_PROJECT_DECL PBCounterexample.Radial theorem PBCounterexample.LatticeExpr.evalWith.eq_1
QUADRATIC8_PROJECT_DECL PBCounterexample.Radial theorem PBCounterexample.homogeneous_lattice_finite_sign_condition
QUADRATIC8_OPERATIONAL_STORED_RECORD_CHECKED PBCounterexample.Radial PBCounterexample.LatticeExpr.leaves._unsafe_rec parent=PBCounterexample.LatticeExpr.leaves complete_body_equal=true safety=partial hints=opaque all=[self] levels=[u_1] noncomputable=true; not a mathematical root
QUADRATIC8_OPERATIONAL_TYPE PBCounterexample.LatticeExpr.leaves._unsafe_rec {σ : Type u_1} →
  PBCounterexample.LatticeExpr σ → Finset (MvPolynomial σ ℝ)
QUADRATIC8_OPERATIONAL_BODY_DEPENDENCIES PBCounterexample.LatticeExpr.leaves._unsafe_rec [Eq,
 Finset,
 Finset,
 Finsupp,
 MvPolynomial,
 MvPolynomial,
 Nat,
 Real,
 Real,
 instDecidableEqNat,
 AddMonoidAlgebra.instDecidableEq,
 Classical.propDecidable,
 Finset.instSingleton,
 Finset.instUnion,
 Finsupp.instDecidableEq,
 MulZeroClass.toZero,
 Nat.instMulZeroClass,
 PBCounterexample.LatticeExpr,
 PBCounterexample.LatticeExpr,
 Real.decidableEq,
 Real.instCommSemiring,
 Real.instCommSemiring,
 Real.semiring,
 Singleton.singleton,
 Union.union,
 PBCounterexample.LatticeExpr.evalWith.match_1,
 PBCounterexample.LatticeExpr.leaves._unsafe_rec]
QUADRATIC8_PROJECT_DECL PBCounterexample.Radial theorem PBCounterexample.LatticeExpr.sign_eq_of_lowDegreeTests
QUADRATIC8_DUPLICATE_RECORD PBCounterexample.LatticeExpr.eval.eq_1 stored=PBCounterexample.Radial first_registered=PBCounterexample.PolynomialSubstitution
QUADRATIC8_PROJECT_DECL PBCounterexample.Radial definition PBCounterexample.LatticeExpr.leaves._sunfold
QUADRATIC8_PROJECT_DECL PBCounterexample.Radial definition PBCounterexample.LatticeExpr.leaves
QUADRATIC8_PROJECT_DECL PBCounterexample.Radial theorem PBCounterexample.LatticeExpr.lowDegreeTests_degree._proof_1_1
QUADRATIC8_PROJECT_DECL PBCounterexample.Radial theorem PBCounterexample.LatticeExpr.lowDegreeTests_degree
QUADRATIC8_PROJECT_DECL PBCounterexample.Radial definition PBCounterexample.LatticeExpr.evalWith.match_1
QUADRATIC8_PROJECT_DECL PBCounterexample.Radial theorem PBCounterexample.LatticeExpr.clipped_homogeneous_eval._simp_1_1
QUADRATIC8_PROJECT_DECL PBCounterexample.Radial definition PBCounterexample.LatticeExpr.evalWith._f
QUADRATIC8_PROJECT_DECL PBCounterexample.Radial theorem _private.PBCounterexample.Radial.0.PBCounterexample.LatticeExpr.eval.match_1.eq_1
QUADRATIC8_DUPLICATE_RECORD PBCounterexample.LatticeExpr.eval.eq_3 stored=PBCounterexample.Radial first_registered=PBCounterexample.PolynomialSubstitution
QUADRATIC8_PROJECT_DECL PBCounterexample.Radial theorem PBCounterexample.LatticeExpr.evalWith_congr
QUADRATIC8_PROJECT_DECL PBCounterexample.Radial definition PBCounterexample.LatticeExpr.lowDegreeTests
QUADRATIC8_PROJECT_DECL PBCounterexample.Radial theorem PBCounterexample.LatticeExpr.clipped_homogeneous_eval._simp_1_5
QUADRATIC8_PROJECT_DECL PBCounterexample.Radial theorem PBCounterexample.LatticeExpr.clipped_homogeneous_eval._simp_1_3
QUADRATIC8_PROJECT_DECL PBCounterexample.Radial theorem PBCounterexample.LatticeExpr.normalized_clip
QUADRATIC8_PROJECT_DECL PBCounterexample.Radial theorem _private.PBCounterexample.Radial.0.PBCounterexample.LatticeExpr.eval.match_1.eq_3
QUADRATIC8_DUPLICATE_RECORD PBCounterexample.LatticeExpr.eval.eq_def stored=PBCounterexample.Radial first_registered=PBCounterexample.PolynomialSubstitution
QUADRATIC8_PROJECT_MODULE PBCounterexample.RadialTests records=2
QUADRATIC8_PROJECT_DECL PBCounterexample.RadialTests theorem PBCounterexample.homogeneous_lattice_finite_homogeneous_sign_condition
QUADRATIC8_PROJECT_DECL PBCounterexample.RadialTests theorem PBCounterexample.LatticeExpr.lowDegreeTests_homogeneous
QUADRATIC8_PROJECT_MODULE PBCounterexample.Gram6FiniteParameters records=39
QUADRATIC8_PROJECT_DECL PBCounterexample.Gram6FiniteParameters theorem _private.PBCounterexample.Gram6FiniteParameters.0.PBCounterexample.Gram6.homogeneous_two_eq_canonical
QUADRATIC8_PROJECT_DECL PBCounterexample.Gram6FiniteParameters theorem _private.PBCounterexample.Gram6FiniteParameters.0.PBCounterexample.Gram6.hasDerivAt_quadraticPolynomial
QUADRATIC8_PROJECT_DECL PBCounterexample.Gram6FiniteParameters theorem PBCounterexample.Gram6.exists_finite_normal_parameters
QUADRATIC8_PROJECT_DECL PBCounterexample.Gram6FiniteParameters theorem _private.PBCounterexample.Gram6FiniteParameters.0.PBCounterexample.Gram6.quadraticPolarCoefficients.eq_1
QUADRATIC8_PROJECT_DECL PBCounterexample.Gram6FiniteParameters theorem PBCounterexample.Gram6.eval_add_smul_of_homogeneous_two._simp_1_3
QUADRATIC8_PROJECT_DECL PBCounterexample.Gram6FiniteParameters theorem PBCounterexample.Gram6.hasDerivAt_quadraticVariation
QUADRATIC8_PROJECT_DECL PBCounterexample.Gram6FiniteParameters theorem PBCounterexample.Gram6.quadraticVariation_smul_left
QUADRATIC8_PROJECT_DECL PBCounterexample.Gram6FiniteParameters theorem _private.PBCounterexample.Gram6FiniteParameters.0.PBCounterexample.Gram6.exists_positive_finite_variation_bound
QUADRATIC8_PROJECT_DECL PBCounterexample.Gram6FiniteParameters theorem PBCounterexample.Gram6.hasDerivAt_curveTangent_acceleration
QUADRATIC8_PROJECT_DECL PBCounterexample.Gram6FiniteParameters theorem PBCounterexample.Gram6.quadraticVariation_base_normal._simp_1_5
QUADRATIC8_PROJECT_DECL PBCounterexample.Gram6FiniteParameters theorem PBCounterexample.Gram6.exists_finite_curve_parameter
QUADRATIC8_PROJECT_DECL PBCounterexample.Gram6FiniteParameters theorem PBCounterexample.Gram6.exists_finite_homogeneous_parameters
QUADRATIC8_PROJECT_DECL PBCounterexample.Gram6FiniteParameters theorem _private.PBCounterexample.Gram6FiniteParameters.0.PBCounterexample.Gram6.eval_homogeneous_two
QUADRATIC8_PROJECT_DECL PBCounterexample.Gram6FiniteParameters theorem PBCounterexample.Gram6.quadraticVariation_base_normal._simp_1_3
QUADRATIC8_PROJECT_DECL PBCounterexample.Gram6FiniteParameters theorem PBCounterexample.Gram6.eval_alongTangentPolynomial
QUADRATIC8_PROJECT_DECL PBCounterexample.Gram6FiniteParameters definition PBCounterexample.Gram6.quadraticVariation
QUADRATIC8_PROJECT_DECL PBCounterexample.Gram6FiniteParameters theorem _private.PBCounterexample.Gram6FiniteParameters.0.PBCounterexample.Gram6.hasDerivAt_quadraticPolarCoefficients._simp_1_2
QUADRATIC8_PROJECT_DECL PBCounterexample.Gram6FiniteParameters definition PBCounterexample.Gram6.alongTangentPolynomial
QUADRATIC8_PROJECT_DECL PBCounterexample.Gram6FiniteParameters definition _private.PBCounterexample.Gram6FiniteParameters.0.PBCounterexample.Gram6.quadraticPolarCoefficients
QUADRATIC8_PROJECT_DECL PBCounterexample.Gram6FiniteParameters theorem PBCounterexample.Gram6.quadraticVariation_self
QUADRATIC8_PROJECT_DECL PBCounterexample.Gram6FiniteParameters theorem PBCounterexample.Gram6.quadraticVariation_base_normal._simp_1_1
QUADRATIC8_PROJECT_DECL PBCounterexample.Gram6FiniteParameters theorem PBCounterexample.Gram6.quadraticVariation_base_normal
QUADRATIC8_PROJECT_DECL PBCounterexample.Gram6FiniteParameters definition PBCounterexample.Gram6.alongCurvePolynomial
QUADRATIC8_PROJECT_DECL PBCounterexample.Gram6FiniteParameters theorem PBCounterexample.Gram6.hasDerivAt_eval_homogeneous_two
QUADRATIC8_PROJECT_DECL PBCounterexample.Gram6FiniteParameters theorem _private.PBCounterexample.Gram6FiniteParameters.0.PBCounterexample.Gram6.hasDerivAt_quadraticPolarCoefficients
QUADRATIC8_PROJECT_DECL PBCounterexample.Gram6FiniteParameters theorem _private.PBCounterexample.Gram6FiniteParameters.0.PBCounterexample.Gram6.eventually_polynomial_eval_ne_zero
QUADRATIC8_PROJECT_DECL PBCounterexample.Gram6FiniteParameters theorem PBCounterexample.Gram6.eval_alongCurvePolynomial
QUADRATIC8_PROJECT_DECL PBCounterexample.Gram6FiniteParameters theorem PBCounterexample.Gram6.alongTangentPolynomial_eq_zero_iff
QUADRATIC8_PROJECT_DECL PBCounterexample.Gram6FiniteParameters theorem PBCounterexample.Gram6.quadraticVariation_base_normal._simp_1_7
QUADRATIC8_PROJECT_DECL PBCounterexample.Gram6FiniteParameters theorem PBCounterexample.Gram6.quadraticVariation_base_normal._simp_1_4
QUADRATIC8_PROJECT_DECL PBCounterexample.Gram6FiniteParameters theorem PBCounterexample.Gram6.quadraticVariation_curve_acceleration
QUADRATIC8_PROJECT_DECL PBCounterexample.Gram6FiniteParameters theorem PBCounterexample.Gram6.quadraticVariation_base_normal._simp_1_6
QUADRATIC8_PROJECT_DECL PBCounterexample.Gram6FiniteParameters theorem PBCounterexample.Gram6.quadraticVariation_base_normal._simp_1_2
QUADRATIC8_PROJECT_DECL PBCounterexample.Gram6FiniteParameters theorem PBCounterexample.Gram6.quadraticVariation_add_right._simp_1_3
QUADRATIC8_PROJECT_DECL PBCounterexample.Gram6FiniteParameters theorem PBCounterexample.Gram6.quadraticVariation.eq_1
QUADRATIC8_PROJECT_DECL PBCounterexample.Gram6FiniteParameters theorem PBCounterexample.Gram6.quadraticVariation_smul_right
QUADRATIC8_PROJECT_DECL PBCounterexample.Gram6FiniteParameters theorem PBCounterexample.Gram6.eval_add_smul_of_homogeneous_two
QUADRATIC8_PROJECT_DECL PBCounterexample.Gram6FiniteParameters theorem PBCounterexample.Gram6.quadraticVariation_add_right
QUADRATIC8_PROJECT_DECL PBCounterexample.Gram6FiniteParameters theorem PBCounterexample.Gram6.alongCurvePolynomial_eq_zero_iff
QUADRATIC8_PROJECT_MODULE PBCounterexample.Gram6CorrectionCoordinates records=11
QUADRATIC8_PROJECT_DECL PBCounterexample.Gram6CorrectionCoordinates theorem PBCounterexample.Gram6.gramCoordinates.eq_1
QUADRATIC8_PROJECT_DECL PBCounterexample.Gram6CorrectionCoordinates theorem PBCounterexample.Gram6.gramCoordinates_functional_injective
QUADRATIC8_PROJECT_DECL PBCounterexample.Gram6CorrectionCoordinates theorem _private.PBCounterexample.Gram6CorrectionCoordinates.0.PBCounterexample.Gram6.sixth_entry
QUADRATIC8_PROJECT_DECL PBCounterexample.Gram6CorrectionCoordinates definition PBCounterexample.Gram6.coordinateCorrection
QUADRATIC8_PROJECT_DECL PBCounterexample.Gram6CorrectionCoordinates theorem PBCounterexample.Gram6.correctionMatrix_det_ne_zero
QUADRATIC8_PROJECT_DECL PBCounterexample.Gram6CorrectionCoordinates theorem PBCounterexample.Gram6.correctionMatrix.eq_1
QUADRATIC8_PROJECT_DECL PBCounterexample.Gram6CorrectionCoordinates definition PBCounterexample.Gram6.correctionMatrix
QUADRATIC8_PROJECT_DECL PBCounterexample.Gram6CorrectionCoordinates theorem PBCounterexample.Gram6.coordinateCorrection.eq_1
QUADRATIC8_PROJECT_DECL PBCounterexample.Gram6CorrectionCoordinates theorem PBCounterexample.Gram6.correctionMatrix_mulVec
QUADRATIC8_PROJECT_DECL PBCounterexample.Gram6CorrectionCoordinates theorem PBCounterexample.Gram6.correctionMatrix_det
QUADRATIC8_PROJECT_DECL PBCounterexample.Gram6CorrectionCoordinates theorem PBCounterexample.Gram6.coordinateCorrection._proof_1
QUADRATIC8_PROJECT_MODULE PBCounterexample.Gram6Implicit records=43
QUADRATIC8_PROJECT_DECL PBCounterexample.Gram6Implicit theorem _private.PBCounterexample.Gram6Implicit.0.PBCounterexample.Gram6.contDiff_gramFunctional
QUADRATIC8_PROJECT_DECL PBCounterexample.Gram6Implicit definition PBCounterexample.Gram6.correctionDisplacement
QUADRATIC8_PROJECT_DECL PBCounterexample.Gram6Implicit theorem PBCounterexample.Gram6.gramFunctional_signedNormal_kernelDirection
QUADRATIC8_PROJECT_DECL PBCounterexample.Gram6Implicit theorem PBCounterexample.Gram6.implicitVerticalDerivative_isInvertible
QUADRATIC8_PROJECT_DECL PBCounterexample.Gram6Implicit theorem _private.PBCounterexample.Gram6Implicit.0.PBCounterexample.Gram6.gramPolar_zero_right
QUADRATIC8_PROJECT_DECL PBCounterexample.Gram6Implicit theorem _private.PBCounterexample.Gram6Implicit.0.PBCounterexample.Gram6.contDiff_gramCoordinates
QUADRATIC8_PROJECT_DECL PBCounterexample.Gram6Implicit theorem PBCounterexample.Gram6.implicitVerticalDerivative_injective
QUADRATIC8_PROJECT_DECL PBCounterexample.Gram6Implicit theorem _private.PBCounterexample.Gram6Implicit.0.PBCounterexample.Gram6.sixth_entry
QUADRATIC8_PROJECT_DECL PBCounterexample.Gram6Implicit theorem PBCounterexample.Gram6.implicitVerticalDerivative_last_of_first_three_zero
QUADRATIC8_PROJECT_DECL PBCounterexample.Gram6Implicit theorem PBCounterexample.Gram6.exists_corrected_gram_path
QUADRATIC8_PROJECT_DECL PBCounterexample.Gram6Implicit theorem PBCounterexample.Gram6.implicitVerticalDerivative._proof_1
QUADRATIC8_PROJECT_DECL PBCounterexample.Gram6Implicit theorem _private.PBCounterexample.Gram6Implicit.0.PBCounterexample.Gram6.coordinateCorrection_zero
QUADRATIC8_PROJECT_DECL PBCounterexample.Gram6Implicit theorem _private.PBCounterexample.Gram6Implicit.0.PBCounterexample.Gram6.implicitQuadraticValue.eq_1
QUADRATIC8_PROJECT_DECL PBCounterexample.Gram6Implicit theorem PBCounterexample.Gram6.implicitVerticalValue.eq_1
QUADRATIC8_PROJECT_DECL PBCounterexample.Gram6Implicit theorem PBCounterexample.Gram6.implicitVerticalDerivative_first_three
QUADRATIC8_PROJECT_DECL PBCounterexample.Gram6Implicit theorem PBCounterexample.Gram6.implicitResidual_zero
QUADRATIC8_PROJECT_DECL PBCounterexample.Gram6Implicit definition PBCounterexample.Gram6.ImplicitCoord
QUADRATIC8_PROJECT_DECL PBCounterexample.Gram6Implicit theorem PBCounterexample.Gram6.correctionDisplacement._proof_1
QUADRATIC8_PROJECT_DECL PBCounterexample.Gram6Implicit theorem _private.PBCounterexample.Gram6Implicit.0.PBCounterexample.Gram6.contDiff_gramMatrix
QUADRATIC8_PROJECT_DECL PBCounterexample.Gram6Implicit definition PBCounterexample.Gram6.signedNormal
QUADRATIC8_PROJECT_DECL PBCounterexample.Gram6Implicit definition PBCounterexample.Gram6.implicitResidual
QUADRATIC8_PROJECT_DECL PBCounterexample.Gram6Implicit theorem PBCounterexample.Gram6.correctionDisplacement.eq_1
QUADRATIC8_PROJECT_DECL PBCounterexample.Gram6Implicit theorem _private.PBCounterexample.Gram6Implicit.0.PBCounterexample.Gram6.contDiff_gramPolar_right
QUADRATIC8_PROJECT_DECL PBCounterexample.Gram6Implicit theorem PBCounterexample.Gram6.contDiff_implicitResidual
QUADRATIC8_PROJECT_DECL PBCounterexample.Gram6Implicit theorem PBCounterexample.Gram6.exists_opposite_corrected_gram_paths
QUADRATIC8_PROJECT_DECL PBCounterexample.Gram6Implicit theorem PBCounterexample.Gram6.correctionDisplacement_zero
QUADRATIC8_PROJECT_DECL PBCounterexample.Gram6Implicit theorem PBCounterexample.Gram6.exists_implicitCorrection
QUADRATIC8_PROJECT_DECL PBCounterexample.Gram6Implicit definition PBCounterexample.Gram6.implicitVerticalValue
QUADRATIC8_PROJECT_DECL PBCounterexample.Gram6Implicit theorem PBCounterexample.Gram6.implicitVerticalDerivative_last
QUADRATIC8_PROJECT_DECL PBCounterexample.Gram6Implicit theorem PBCounterexample.Gram6.signedNormal.eq_1
QUADRATIC8_PROJECT_DECL PBCounterexample.Gram6Implicit theorem PBCounterexample.Gram6.implicitResidual.eq_1
QUADRATIC8_PROJECT_DECL PBCounterexample.Gram6Implicit theorem _private.PBCounterexample.Gram6Implicit.0.PBCounterexample.Gram6.implicitResidual_vertical_line
QUADRATIC8_PROJECT_DECL PBCounterexample.Gram6Implicit theorem PBCounterexample.Gram6.implicitResidual._proof_1
QUADRATIC8_PROJECT_DECL PBCounterexample.Gram6Implicit theorem ContDiffAt.implicitFunction.congr_simp
QUADRATIC8_PROJECT_DECL PBCounterexample.Gram6Implicit theorem PBCounterexample.Gram6.implicitVerticalDerivative_apply
QUADRATIC8_PROJECT_DECL PBCounterexample.Gram6Implicit theorem PBCounterexample.Gram6.gramMatrix_of_implicitResidual_eq_zero
QUADRATIC8_PROJECT_DECL PBCounterexample.Gram6Implicit theorem _private.PBCounterexample.Gram6Implicit.0.PBCounterexample.Gram6.gramPolar_add_left
QUADRATIC8_PROJECT_DECL PBCounterexample.Gram6Implicit definition _private.PBCounterexample.Gram6Implicit.0.PBCounterexample.Gram6.implicitQuadraticValue
QUADRATIC8_PROJECT_DECL PBCounterexample.Gram6Implicit definition PBCounterexample.Gram6.implicitVerticalDerivative
QUADRATIC8_PROJECT_DECL PBCounterexample.Gram6Implicit theorem PBCounterexample.Gram6.correctionDisplacement_smul
QUADRATIC8_PROJECT_DECL PBCounterexample.Gram6Implicit theorem PBCounterexample.Gram6.gramCoordinates_base_correctionDisplacement
QUADRATIC8_PROJECT_DECL PBCounterexample.Gram6Implicit theorem PBCounterexample.Gram6.contDiff_correctionDisplacement
QUADRATIC8_PROJECT_DECL PBCounterexample.Gram6Implicit theorem PBCounterexample.Gram6.hasDerivAt_implicitResidual_vertical_line
QUADRATIC8_PROJECT_MODULE PBCounterexample.Gram6Function records=58
QUADRATIC8_PROJECT_DECL PBCounterexample.Gram6Function theorem PBCounterexample.Gram6.scaledAPolynomial.eq_1
QUADRATIC8_PROJECT_DECL PBCounterexample.Gram6Function theorem PBCounterexample.Gram6.edge02._proof_1
QUADRATIC8_PROJECT_DECL PBCounterexample.Gram6Function theorem PBCounterexample.Gram6.edge23.eq_1
QUADRATIC8_PROJECT_DECL PBCounterexample.Gram6Function theorem PBCounterexample.Gram6.polynomialCover_count
QUADRATIC8_PROJECT_DECL PBCounterexample.Gram6Function definition PBCounterexample.Gram6.f
QUADRATIC8_PROJECT_DECL PBCounterexample.Gram6Function theorem PBCounterexample.Gram6.polynomialCover_homogeneous
QUADRATIC8_PROJECT_DECL PBCounterexample.Gram6Function definition PBCounterexample.Gram6.edge12
QUADRATIC8_PROJECT_DECL PBCounterexample.Gram6Function theorem PBCounterexample.Gram6.edge13._proof_1
QUADRATIC8_PROJECT_DECL PBCounterexample.Gram6Function theorem PBCounterexample.Gram6.qPolynomial_homogeneous
QUADRATIC8_PROJECT_DECL PBCounterexample.Gram6Function definition PBCounterexample.Gram6.edge13
QUADRATIC8_PROJECT_DECL PBCounterexample.Gram6Function theorem PBCounterexample.Gram6.edge12._proof_1
QUADRATIC8_PROJECT_DECL PBCounterexample.Gram6Function theorem PBCounterexample.Gram6.Label._proof_1
QUADRATIC8_PROJECT_DECL PBCounterexample.Gram6Function definition PBCounterexample.Gram6.Label
QUADRATIC8_PROJECT_DECL PBCounterexample.Gram6Function theorem PBCounterexample.Gram6.labelPolynomial._proof_1
QUADRATIC8_PROJECT_DECL PBCounterexample.Gram6Function theorem PBCounterexample.Gram6.allQuadratics_fourEdges
QUADRATIC8_PROJECT_DECL PBCounterexample.Gram6Function theorem PBCounterexample.Gram6.fourEdges_covers
QUADRATIC8_PROJECT_DECL PBCounterexample.Gram6Function theorem PBCounterexample.Gram6.labelPolynomial._proof_4
QUADRATIC8_PROJECT_DECL PBCounterexample.Gram6Function theorem PBCounterexample.Gram6.labelPolynomial.eq_1
QUADRATIC8_PROJECT_DECL PBCounterexample.Gram6Function definition PBCounterexample.Gram6.polynomialCover
QUADRATIC8_PROJECT_DECL PBCounterexample.Gram6Function definition PBCounterexample.Gram6.allQuadratics
QUADRATIC8_PROJECT_DECL PBCounterexample.Gram6Function theorem PBCounterexample.Gram6.label_count
QUADRATIC8_PROJECT_DECL PBCounterexample.Gram6Function theorem PBCounterexample.Gram6.fourEdges.eq_1
QUADRATIC8_PROJECT_DECL PBCounterexample.Gram6Function theorem PBCounterexample.Gram6.eval_allQuadratics_relation02
QUADRATIC8_PROJECT_DECL PBCounterexample.Gram6Function definition PBCounterexample.Gram6.edge02
QUADRATIC8_PROJECT_DECL PBCounterexample.Gram6Function theorem PBCounterexample.Gram6.edge01.eq_1
QUADRATIC8_PROJECT_DECL PBCounterexample.Gram6Function theorem PBCounterexample.Gram6.continuous_f
QUADRATIC8_PROJECT_DECL PBCounterexample.Gram6Function theorem PBCounterexample.Gram6.edge03.eq_1
QUADRATIC8_PROJECT_DECL PBCounterexample.Gram6Function theorem PBCounterexample.Gram6.f_positive_homogeneous
QUADRATIC8_PROJECT_DECL PBCounterexample.Gram6Function definition PBCounterexample.Gram6.edge23
QUADRATIC8_PROJECT_DECL PBCounterexample.Gram6Function theorem PBCounterexample.Gram6.allQuadratics.eq_1
QUADRATIC8_PROJECT_DECL PBCounterexample.Gram6Function theorem PBCounterexample.Gram6.eval_allQuadratics_relation23
QUADRATIC8_PROJECT_DECL PBCounterexample.Gram6Function definition PBCounterexample.Gram6.scaledAMatrix
QUADRATIC8_PROJECT_DECL PBCounterexample.Gram6Function theorem PBCounterexample.Gram6.labelPolynomial._proof_3
QUADRATIC8_PROJECT_DECL PBCounterexample.Gram6Function theorem PBCounterexample.Gram6.labelPolynomial._proof_2
QUADRATIC8_PROJECT_DECL PBCounterexample.Gram6Function theorem PBCounterexample.Gram6.allMinimum_positive
QUADRATIC8_PROJECT_DECL PBCounterexample.Gram6Function theorem PBCounterexample.Gram6.scaledAPolynomial_homogeneous
QUADRATIC8_PROJECT_DECL PBCounterexample.Gram6Function theorem PBCounterexample.Gram6.determinant_ne_zero
QUADRATIC8_PROJECT_DECL PBCounterexample.Gram6Function definition PBCounterexample.Gram6.scaledAPolynomial
QUADRATIC8_PROJECT_DECL PBCounterexample.Gram6Function theorem PBCounterexample.Gram6.allQuadratics_positive
QUADRATIC8_PROJECT_DECL PBCounterexample.Gram6Function theorem PBCounterexample.Gram6.scaledAMatrix_det
QUADRATIC8_PROJECT_DECL PBCounterexample.Gram6Function theorem PBCounterexample.Gram6.edge01._proof_1
QUADRATIC8_PROJECT_DECL PBCounterexample.Gram6Function definition PBCounterexample.Gram6.edge01
QUADRATIC8_PROJECT_DECL PBCounterexample.Gram6Function definition PBCounterexample.Gram6.edge03
QUADRATIC8_PROJECT_DECL PBCounterexample.Gram6Function theorem PBCounterexample.Gram6.edge03._proof_1
QUADRATIC8_PROJECT_DECL PBCounterexample.Gram6Function theorem PBCounterexample.Gram6.scaledAMatrix.eq_1
QUADRATIC8_PROJECT_DECL PBCounterexample.Gram6Function theorem PBCounterexample.Gram6.eval_scaledAPolynomial
QUADRATIC8_PROJECT_DECL PBCounterexample.Gram6Function theorem PBCounterexample.Gram6.scaledAMatrix._proof_1
QUADRATIC8_PROJECT_DECL PBCounterexample.Gram6Function definition PBCounterexample.Gram6.minimum
QUADRATIC8_PROJECT_DECL PBCounterexample.Gram6Function theorem PBCounterexample.Gram6.edge23._proof_1
QUADRATIC8_PROJECT_DECL PBCounterexample.Gram6Function theorem PBCounterexample.Gram6.edge02.eq_1
QUADRATIC8_PROJECT_DECL PBCounterexample.Gram6Function theorem PBCounterexample.Gram6.instNonemptyLabel
QUADRATIC8_PROJECT_DECL PBCounterexample.Gram6Function definition PBCounterexample.Gram6.fourEdges
QUADRATIC8_PROJECT_DECL PBCounterexample.Gram6Function definition PBCounterexample.Gram6.labelPolynomial
QUADRATIC8_PROJECT_DECL PBCounterexample.Gram6Function theorem PBCounterexample.Gram6.edge12.eq_1
QUADRATIC8_PROJECT_DECL PBCounterexample.Gram6Function theorem PBCounterexample.Gram6.edge13.eq_1
QUADRATIC8_PROJECT_DECL PBCounterexample.Gram6Function definition PBCounterexample.Gram6.qPolynomial
QUADRATIC8_PROJECT_DECL PBCounterexample.Gram6Function theorem PBCounterexample.Gram6.scaledAMatrix._proof_2
QUADRATIC8_PROJECT_DECL PBCounterexample.Gram6Function theorem PBCounterexample.Gram6.gramSelection_gram_eq
QUADRATIC8_PROJECT_MODULE PBCounterexample.Gram6DeterminantVariations records=16
QUADRATIC8_PROJECT_DECL PBCounterexample.Gram6DeterminantVariations theorem PBCounterexample.Gram6.determinantLinearTerm_sub_right
QUADRATIC8_PROJECT_DECL PBCounterexample.Gram6DeterminantVariations theorem PBCounterexample.Gram6.determinantLinearTerm_smul_left
QUADRATIC8_PROJECT_DECL PBCounterexample.Gram6DeterminantVariations theorem PBCounterexample.Gram6.hasDerivAt_determinant_line
QUADRATIC8_PROJECT_DECL PBCounterexample.Gram6DeterminantVariations theorem PBCounterexample.Gram6.determinantLinearTerm_base_kernelDirection0
QUADRATIC8_PROJECT_DECL PBCounterexample.Gram6DeterminantVariations theorem PBCounterexample.Gram6.determinant_explicit
QUADRATIC8_PROJECT_DECL PBCounterexample.Gram6DeterminantVariations definition PBCounterexample.Gram6.determinantLinearTerm
QUADRATIC8_PROJECT_DECL PBCounterexample.Gram6DeterminantVariations theorem _private.PBCounterexample.Gram6DeterminantVariations.0.PBCounterexample.Gram6.sixth_entry
QUADRATIC8_PROJECT_DECL PBCounterexample.Gram6DeterminantVariations theorem PBCounterexample.Gram6.determinantLinearTerm._proof_2
QUADRATIC8_PROJECT_DECL PBCounterexample.Gram6DeterminantVariations theorem PBCounterexample.Gram6.determinantLinearTerm_curve_acceleration
QUADRATIC8_PROJECT_DECL PBCounterexample.Gram6DeterminantVariations theorem PBCounterexample.Gram6.determinantLinearTerm_smul_right
QUADRATIC8_PROJECT_DECL PBCounterexample.Gram6DeterminantVariations theorem PBCounterexample.Gram6.determinantLinearTerm_base_normal
QUADRATIC8_PROJECT_DECL PBCounterexample.Gram6DeterminantVariations theorem PBCounterexample.Gram6.determinantLinearTerm_base_kernelDirection_pos
QUADRATIC8_PROJECT_DECL PBCounterexample.Gram6DeterminantVariations theorem PBCounterexample.Gram6.determinant_add_smul
QUADRATIC8_PROJECT_DECL PBCounterexample.Gram6DeterminantVariations theorem PBCounterexample.Gram6.determinantLinearTerm._proof_1
QUADRATIC8_PROJECT_DECL PBCounterexample.Gram6DeterminantVariations theorem PBCounterexample.Gram6.determinantLinearTerm_curve_third
QUADRATIC8_PROJECT_DECL PBCounterexample.Gram6DeterminantVariations theorem PBCounterexample.Gram6.determinantLinearTerm.eq_1
QUADRATIC8_PROJECT_MODULE PBCounterexample.SignTopology records=2
QUADRATIC8_PROJECT_DECL PBCounterexample.SignTopology theorem PBCounterexample.eventually_real_sign_eq_of_tendsto
QUADRATIC8_PROJECT_DECL PBCounterexample.SignTopology theorem PBCounterexample.exists_positive_time_same_polynomial_signs
QUADRATIC8_PROJECT_MODULE PBCounterexample.Gram6LocalPaths records=13
QUADRATIC8_PROJECT_DECL PBCounterexample.Gram6LocalPaths theorem PBCounterexample.real_sign_mul_of_pos_left
QUADRATIC8_PROJECT_DECL PBCounterexample.Gram6LocalPaths theorem _private.PBCounterexample.Gram6LocalPaths.0.PBCounterexample.Gram6.sixth_entry
QUADRATIC8_PROJECT_DECL PBCounterexample.Gram6LocalPaths theorem PBCounterexample.Gram6.minimum_of_gram_target
QUADRATIC8_PROJECT_DECL PBCounterexample.Gram6LocalPaths theorem PBCounterexample.eventually_real_sign_eq_of_hasDerivAt_zero
QUADRATIC8_PROJECT_DECL PBCounterexample.Gram6LocalPaths theorem PBCounterexample.Gram6.eval_labelPolynomial_of_gram_target
QUADRATIC8_PROJECT_DECL PBCounterexample.Gram6LocalPaths theorem PBCounterexample.Gram6.f_of_gram_target_positive_determinant
QUADRATIC8_PROJECT_DECL PBCounterexample.Gram6LocalPaths theorem PBCounterexample.Gram6.determinantLinearTerm_normal_add_kernel
QUADRATIC8_PROJECT_DECL PBCounterexample.Gram6LocalPaths theorem PBCounterexample.Gram6.hasDerivAt_determinant_corrected_point
QUADRATIC8_PROJECT_DECL PBCounterexample.Gram6LocalPaths theorem PBCounterexample.Gram6.determinant_curve
QUADRATIC8_PROJECT_DECL PBCounterexample.Gram6LocalPaths theorem PBCounterexample.Gram6.eventually_corrected_determinant_sign
QUADRATIC8_PROJECT_DECL PBCounterexample.Gram6LocalPaths theorem PBCounterexample.Gram6.hasDerivAt_corrected_point
QUADRATIC8_PROJECT_DECL PBCounterexample.Gram6LocalPaths theorem PBCounterexample.Gram6.f_zero_of_nonpositive_determinant
QUADRATIC8_PROJECT_DECL PBCounterexample.Gram6LocalPaths theorem PBCounterexample.Gram6.determinantLinearTerm_add_right
QUADRATIC8_PROJECT_MODULE PBCounterexample.Gram6SignObstruction records=5
QUADRATIC8_PROJECT_DECL PBCounterexample.Gram6SignObstruction theorem PBCounterexample.Gram6.not_isPolynomialLattice
QUADRATIC8_PROJECT_DECL PBCounterexample.Gram6SignObstruction theorem _private.PBCounterexample.Gram6SignObstruction.0.PBCounterexample.Gram6.nonpos_of_real_sign_eq_neg_one
QUADRATIC8_PROJECT_DECL PBCounterexample.Gram6SignObstruction theorem _private.PBCounterexample.Gram6SignObstruction.0.PBCounterexample.Gram6.pos_of_real_sign_eq_one
QUADRATIC8_PROJECT_DECL PBCounterexample.Gram6SignObstruction theorem PBCounterexample.Gram6.exists_same_homogeneous_signs_different_f
QUADRATIC8_PROJECT_DECL PBCounterexample.Gram6SignObstruction theorem _private.PBCounterexample.Gram6SignObstruction.0.PBCounterexample.Gram6.sign_add_eq_of_abs_lt
QUADRATIC8_PROJECT_MODULE PBCounterexample.FiniteExpressions records=6
QUADRATIC8_PROJECT_DECL PBCounterexample.FiniteExpressions theorem PBCounterexample.IsPolynomialLattice.max
QUADRATIC8_PROJECT_DECL PBCounterexample.FiniteExpressions theorem PBCounterexample.IsPolynomialLattice.finite_sup
QUADRATIC8_PROJECT_DECL PBCounterexample.FiniteExpressions theorem PBCounterexample.polynomial_isPolynomialLattice
QUADRATIC8_PROJECT_DECL PBCounterexample.FiniteExpressions theorem PBCounterexample.IsPolynomialLattice.finite_inf
QUADRATIC8_PROJECT_DECL PBCounterexample.FiniteExpressions theorem PBCounterexample.IsPolynomialLattice.min
QUADRATIC8_PROJECT_DECL PBCounterexample.FiniteExpressions theorem PBCounterexample.finite_sup_inf_polynomials_isPolynomialLattice
QUADRATIC8_PROJECT_MODULE PBCounterexample.Gram6Main records=3
QUADRATIC8_PROJECT_DECL PBCounterexample.Gram6Main theorem PBCounterexample.Gram6.whole_space_counterexample
QUADRATIC8_PROJECT_DECL PBCounterexample.Gram6Main theorem PBCounterexample.Gram6.exists_whole_space_counterexample
QUADRATIC8_PROJECT_DECL PBCounterexample.Gram6Main theorem PBCounterexample.Gram6.not_finite_sup_inf_polynomials
QUADRATIC8_PROJECT_MODULE PBCounterexample.Quadratic8Data records=59
QUADRATIC8_PROJECT_DECL PBCounterexample.Quadratic8Data theorem PBCounterexample.Quadratic8.cofactor1.eq_1
QUADRATIC8_PROJECT_DECL PBCounterexample.Quadratic8Data theorem PBCounterexample.Quadratic8.minimum_le_labelPolynomial
QUADRATIC8_PROJECT_DECL PBCounterexample.Quadratic8Data theorem PBCounterexample.Quadratic8.base_minimum_pos
QUADRATIC8_PROJECT_DECL PBCounterexample.Quadratic8Data theorem PBCounterexample.Quadratic8.minimum_le_base_minimum
QUADRATIC8_PROJECT_DECL PBCounterexample.Quadratic8Data theorem PBCounterexample.Quadratic8.eval_errorPolynomial_graph
QUADRATIC8_PROJECT_DECL PBCounterexample.Quadratic8Data definition PBCounterexample.Quadratic8.graphPolynomial
QUADRATIC8_PROJECT_DECL PBCounterexample.Quadratic8Data theorem PBCounterexample.Quadratic8.labelPolynomial._proof_1
QUADRATIC8_PROJECT_DECL PBCounterexample.Quadratic8Data definition PBCounterexample.Quadratic8.Poly
QUADRATIC8_PROJECT_DECL PBCounterexample.Quadratic8Data definition PBCounterexample.Quadratic8.orientationPolynomial
QUADRATIC8_PROJECT_DECL PBCounterexample.Quadratic8Data theorem PBCounterexample.Quadratic8.eval_labelPolynomial
QUADRATIC8_PROJECT_DECL PBCounterexample.Quadratic8Data definition PBCounterexample.Quadratic8.baseProjection
QUADRATIC8_PROJECT_DECL PBCounterexample.Quadratic8Data theorem PBCounterexample.Quadratic8.errorPolynomial.eq_1
QUADRATIC8_PROJECT_DECL PBCounterexample.Quadratic8Data theorem PBCounterexample.Quadratic8.eval_errorPolynomial_zero
QUADRATIC8_PROJECT_DECL PBCounterexample.Quadratic8Data definition PBCounterexample.Quadratic8.errorPolynomial
QUADRATIC8_PROJECT_DECL PBCounterexample.Quadratic8Data theorem PBCounterexample.Quadratic8.eval_cofactor1
QUADRATIC8_PROJECT_DECL PBCounterexample.Quadratic8Data theorem PBCounterexample.Quadratic8.eval_orientationPolynomial
QUADRATIC8_PROJECT_DECL PBCounterexample.Quadratic8Data theorem PBCounterexample.Quadratic8.cofactor2.eq_1
QUADRATIC8_PROJECT_DECL PBCounterexample.Quadratic8Data theorem PBCounterexample.Quadratic8.cofactor1._proof_1
QUADRATIC8_PROJECT_DECL PBCounterexample.Quadratic8Data theorem PBCounterexample.Quadratic8.exists_base_minimum_eq
QUADRATIC8_PROJECT_DECL PBCounterexample.Quadratic8Data definition PBCounterexample.Quadratic8.baseIndex
QUADRATIC8_PROJECT_DECL PBCounterexample.Quadratic8Data theorem PBCounterexample.Quadratic8.f_bounds
QUADRATIC8_PROJECT_DECL PBCounterexample.Quadratic8Data definition PBCounterexample.Quadratic8.baseLabel
QUADRATIC8_PROJECT_DECL PBCounterexample.Quadratic8Data theorem PBCounterexample.Quadratic8.labelPolynomial.eq_1
QUADRATIC8_PROJECT_DECL PBCounterexample.Quadratic8Data theorem PBCounterexample.Quadratic8.minimum._proof_1
QUADRATIC8_PROJECT_DECL PBCounterexample.Quadratic8Data theorem PBCounterexample.Quadratic8.eval_lift
QUADRATIC8_PROJECT_DECL PBCounterexample.Quadratic8Data definition PBCounterexample.Quadratic8.minimum
QUADRATIC8_PROJECT_DECL PBCounterexample.Quadratic8Data theorem PBCounterexample.Quadratic8.base_minimum_le_labelPolynomial
QUADRATIC8_PROJECT_DECL PBCounterexample.Quadratic8Data theorem PBCounterexample.Quadratic8.minimum_graph
QUADRATIC8_PROJECT_DECL PBCounterexample.Quadratic8Data definition PBCounterexample.Quadratic8.labelPolynomial
QUADRATIC8_PROJECT_DECL PBCounterexample.Quadratic8Data theorem PBCounterexample.Quadratic8.minimum_eq
QUADRATIC8_PROJECT_DECL PBCounterexample.Quadratic8Data theorem PBCounterexample.Quadratic8.eval_orientationPolynomial_graph
QUADRATIC8_PROJECT_DECL PBCounterexample.Quadratic8Data theorem PBCounterexample.Quadratic8.eval_cofactor2
QUADRATIC8_PROJECT_DECL PBCounterexample.Quadratic8Data theorem PBCounterexample.Quadratic8.orientationPolynomial.eq_1
QUADRATIC8_PROJECT_DECL PBCounterexample.Quadratic8Data theorem PBCounterexample.Quadratic8.graphPolynomial.eq_1
QUADRATIC8_PROJECT_DECL PBCounterexample.Quadratic8Data definition PBCounterexample.Quadratic8.cofactor1
QUADRATIC8_PROJECT_DECL PBCounterexample.Quadratic8Data theorem PBCounterexample.Quadratic8.graph.eq_1
QUADRATIC8_PROJECT_DECL PBCounterexample.Quadratic8Data theorem PBCounterexample.Quadratic8.determinant_cofactor_expansion
QUADRATIC8_PROJECT_DECL PBCounterexample.Quadratic8Data theorem PBCounterexample.Quadratic8.baseIndex._proof_1
QUADRATIC8_PROJECT_DECL PBCounterexample.Quadratic8Data definition PBCounterexample.Quadratic8.Coord
QUADRATIC8_PROJECT_DECL PBCounterexample.Quadratic8Data theorem PBCounterexample.Quadratic8.baseLabel._proof_1
QUADRATIC8_PROJECT_DECL PBCounterexample.Quadratic8Data definition PBCounterexample.Quadratic8.f
QUADRATIC8_PROJECT_DECL PBCounterexample.Quadratic8Data theorem PBCounterexample.Quadratic8.baseIndex.eq_1
QUADRATIC8_PROJECT_DECL PBCounterexample.Quadratic8Data theorem PBCounterexample.Quadratic8.abs_error_lt_of_minimum_pos
QUADRATIC8_PROJECT_DECL PBCounterexample.Quadratic8Data theorem PBCounterexample.Quadratic8.eval_errorPolynomial_one
QUADRATIC8_PROJECT_DECL PBCounterexample.Quadratic8Data definition PBCounterexample.Quadratic8.lift
QUADRATIC8_PROJECT_DECL PBCounterexample.Quadratic8Data theorem PBCounterexample.Quadratic8.cofactor1._proof_2
QUADRATIC8_PROJECT_DECL PBCounterexample.Quadratic8Data definition PBCounterexample.Quadratic8.Label
QUADRATIC8_PROJECT_DECL PBCounterexample.Quadratic8Data definition PBCounterexample.Quadratic8.cofactor2
QUADRATIC8_PROJECT_DECL PBCounterexample.Quadratic8Data theorem PBCounterexample.Quadratic8.f_graph
QUADRATIC8_PROJECT_DECL PBCounterexample.Quadratic8Data theorem PBCounterexample.Quadratic8.baseProjection_graph
QUADRATIC8_PROJECT_DECL PBCounterexample.Quadratic8Data theorem PBCounterexample.Quadratic8.minimum_le_base_sub_abs_error
QUADRATIC8_PROJECT_DECL PBCounterexample.Quadratic8Data theorem PBCounterexample.Quadratic8.baseProjection.eq_1
QUADRATIC8_PROJECT_DECL PBCounterexample.Quadratic8Data theorem PBCounterexample.Quadratic8.errorPolynomial._proof_1
QUADRATIC8_PROJECT_DECL PBCounterexample.Quadratic8Data theorem PBCounterexample.Quadratic8.qPolynomial_baseLabel
QUADRATIC8_PROJECT_DECL PBCounterexample.Quadratic8Data theorem PBCounterexample.Quadratic8.label_count
QUADRATIC8_PROJECT_DECL PBCounterexample.Quadratic8Data definition PBCounterexample.Quadratic8.graph
QUADRATIC8_PROJECT_DECL PBCounterexample.Quadratic8Data theorem PBCounterexample.Quadratic8.not_isPolynomialLattice
QUADRATIC8_PROJECT_DECL PBCounterexample.Quadratic8Data theorem PBCounterexample.Quadratic8.lift.eq_1
QUADRATIC8_PROJECT_DECL PBCounterexample.Quadratic8Data theorem PBCounterexample.Quadratic8.not_finite_sup_inf_polynomials
QUADRATIC8_PROJECT_MODULE PBCounterexample.Quadratic8Geometry records=10
QUADRATIC8_PROJECT_DECL PBCounterexample.Quadratic8Geometry theorem PBCounterexample.Quadratic8Geometry.third_row_sq_pos
QUADRATIC8_PROJECT_DECL PBCounterexample.Quadratic8Geometry theorem _private.PBCounterexample.Quadratic8Geometry.0.PBCounterexample.Quadratic8Geometry.four_label_margin
QUADRATIC8_PROJECT_DECL PBCounterexample.Quadratic8Geometry theorem PBCounterexample.Quadratic8Geometry.minimum_le_label
QUADRATIC8_PROJECT_DECL PBCounterexample.Quadratic8Geometry theorem PBCounterexample.Quadratic8Geometry.orientation_ne_zero
QUADRATIC8_PROJECT_DECL PBCounterexample.Quadratic8Geometry theorem PBCounterexample.Quadratic8Geometry.determinant_formula
QUADRATIC8_PROJECT_DECL PBCounterexample.Quadratic8Geometry theorem PBCounterexample.Quadratic8Geometry.determinant_bound
QUADRATIC8_PROJECT_DECL PBCounterexample.Quadratic8Geometry theorem PBCounterexample.Quadratic8Geometry.gram_le_weighted_squares
QUADRATIC8_PROJECT_DECL PBCounterexample.Quadratic8Geometry theorem PBCounterexample.Quadratic8Geometry.determinant_sq_bound
QUADRATIC8_PROJECT_DECL PBCounterexample.Quadratic8Geometry theorem PBCounterexample.Quadratic8Geometry.gram_margin
QUADRATIC8_PROJECT_DECL PBCounterexample.Quadratic8Geometry theorem _private.PBCounterexample.Quadratic8Geometry.0.PBCounterexample.Quadratic8Geometry.cofactor_error_sq_bound
QUADRATIC8_PROJECT_MODULE PBCounterexample.QuadraticSignPartition records=52
QUADRATIC8_PROJECT_DECL PBCounterexample.QuadraticSignPartition definition PBCounterexample.FinitePolynomialSignPartition.casesOn
QUADRATIC8_PROJECT_DECL PBCounterexample.QuadraticSignPartition theorem PBCounterexample.FinitePolynomialSignPartition.mk.sizeOf_spec
QUADRATIC8_PROJECT_DECL PBCounterexample.QuadraticSignPartition theorem PBCounterexample.FinitePolynomialSignPartition.realization.eq_1
QUADRATIC8_PROJECT_DECL PBCounterexample.QuadraticSignPartition theorem PBCounterexample.FinitePolynomialSignPartition.agrees
QUADRATIC8_PROJECT_DECL PBCounterexample.QuadraticSignPartition theorem _private.PBCounterexample.QuadraticSignPartition.0.PBCounterexample.PolynomialSelection.comparison_iff_of_same_signs._simp_1_1
QUADRATIC8_PROJECT_DECL PBCounterexample.QuadraticSignPartition definition PBCounterexample.FinitePolynomialSignPartition.mk._flat_ctor
QUADRATIC8_PROJECT_DECL PBCounterexample.QuadraticSignPartition theorem PBCounterexample.FinitePolynomialSignPartition.realization_covers
QUADRATIC8_PROJECT_DECL PBCounterexample.QuadraticSignPartition definition PBCounterexample.FinitePolynomialSignPartition.ctorIdx
QUADRATIC8_PROJECT_DECL PBCounterexample.QuadraticSignPartition definition PBCounterexample.FinitePolynomialSignPartition._sizeOf_inst
QUADRATIC8_PROJECT_DECL PBCounterexample.QuadraticSignPartition definition PBCounterexample.FinitePolynomialSignPartition.noConfusionType
QUADRATIC8_PROJECT_DECL PBCounterexample.QuadraticSignPartition theorem PBCounterexample.FinitePolynomialSignPartition.agrees_on_entire_realization
QUADRATIC8_PROJECT_DECL PBCounterexample.QuadraticSignPartition theorem PBCounterexample.PolynomialSelection.signPartition._proof_2
QUADRATIC8_PROJECT_DECL PBCounterexample.QuadraticSignPartition theorem PBCounterexample.PolynomialSelection.signPartition._proof_3
QUADRATIC8_PROJECT_DECL PBCounterexample.QuadraticSignPartition definition PBCounterexample.PolynomialSelection.signPartition
QUADRATIC8_PROJECT_DECL PBCounterexample.QuadraticSignPartition theorem PBCounterexample.FinitePolynomialSignPartition.semialgebraic_realization
QUADRATIC8_PROJECT_DECL PBCounterexample.QuadraticSignPartition constructor PBCounterexample.FinitePolynomialSignPartition.mk
QUADRATIC8_PROJECT_DECL PBCounterexample.QuadraticSignPartition theorem PBCounterexample.FinitePolynomialSignPartition.semialgebraic_realization._simp_1_6
QUADRATIC8_PROJECT_DECL PBCounterexample.QuadraticSignPartition theorem PBCounterexample.FinitePolynomialSignPartition.semialgebraic_realization._simp_1_4
QUADRATIC8_PROJECT_DECL PBCounterexample.QuadraticSignPartition theorem PBCounterexample.FinitePolynomialSignPartition.semialgebraic_realization._simp_1_2
QUADRATIC8_PROJECT_DECL PBCounterexample.QuadraticSignPartition theorem PBCounterexample.PolynomialSelection.exists_label_for_sign_realization
QUADRATIC8_PROJECT_DECL PBCounterexample.QuadraticSignPartition theorem PBCounterexample.FinitePolynomialSignPartition.mk.inj
QUADRATIC8_PROJECT_DECL PBCounterexample.QuadraticSignPartition theorem PBCounterexample.FinitePolynomialSignPartition.label_degree
QUADRATIC8_PROJECT_DECL PBCounterexample.QuadraticSignPartition theorem PBCounterexample.PolynomialSelection.signTestIndex_card_sixteen
QUADRATIC8_PROJECT_DECL PBCounterexample.QuadraticSignPartition theorem _private.PBCounterexample.QuadraticSignPartition.0.PBCounterexample.PolynomialSelection.comparison_iff_of_same_signs._simp_1_2
QUADRATIC8_PROJECT_DECL PBCounterexample.QuadraticSignPartition theorem _private.PBCounterexample.QuadraticSignPartition.0.PBCounterexample.PolynomialSelection.comparison_iff_of_same_signs._simp_1_4
QUADRATIC8_PROJECT_DECL PBCounterexample.QuadraticSignPartition theorem PBCounterexample.FinitePolynomialSignPartition.test_degree
QUADRATIC8_PROJECT_DECL PBCounterexample.QuadraticSignPartition definition PBCounterexample.FinitePolynomialSignPartition.label
QUADRATIC8_PROJECT_DECL PBCounterexample.QuadraticSignPartition theorem _private.PBCounterexample.QuadraticSignPartition.0.PBCounterexample.PolynomialSelection.comparison_iff_of_same_signs
QUADRATIC8_PROJECT_DECL PBCounterexample.QuadraticSignPartition definition PBCounterexample.FinitePolynomialSignPartition.mk.noConfusion
QUADRATIC8_PROJECT_DECL PBCounterexample.QuadraticSignPartition theorem _private.PBCounterexample.QuadraticSignPartition.0.PBCounterexample.PolynomialSelection.active_iff_of_same_signs
QUADRATIC8_PROJECT_DECL PBCounterexample.QuadraticSignPartition definition PBCounterexample.FinitePolynomialSignPartition._sizeOf_1
QUADRATIC8_PROJECT_DECL PBCounterexample.QuadraticSignPartition theorem PBCounterexample.PolynomialSelection.signPartition._proof_4
QUADRATIC8_PROJECT_DECL PBCounterexample.QuadraticSignPartition theorem PBCounterexample.PolynomialSelection.signPartition._proof_1
QUADRATIC8_PROJECT_DECL PBCounterexample.QuadraticSignPartition theorem PBCounterexample.FinitePolynomialSignPartition.mk.injEq
QUADRATIC8_PROJECT_DECL PBCounterexample.QuadraticSignPartition definition PBCounterexample.FinitePolynomialSignPartition.realization
QUADRATIC8_PROJECT_DECL PBCounterexample.QuadraticSignPartition definition PBCounterexample.PolynomialSelection.signTest.match_1
QUADRATIC8_PROJECT_DECL PBCounterexample.QuadraticSignPartition definition PBCounterexample.PolynomialSelection.SignTestIndex
QUADRATIC8_PROJECT_DECL PBCounterexample.QuadraticSignPartition definition PBCounterexample.PolynomialSelection.signTest
QUADRATIC8_PROJECT_DECL PBCounterexample.QuadraticSignPartition definition PBCounterexample.FinitePolynomialSignPartition.noConfusion
QUADRATIC8_PROJECT_DECL PBCounterexample.QuadraticSignPartition theorem _private.PBCounterexample.QuadraticSignPartition.0.PBCounterexample.PolynomialSelection.minimum_positive_iff
QUADRATIC8_PROJECT_DECL PBCounterexample.QuadraticSignPartition definition PBCounterexample.FinitePolynomialSignPartition.count
QUADRATIC8_PROJECT_DECL PBCounterexample.QuadraticSignPartition definition PBCounterexample.FinitePolynomialSignPartition.recOn
QUADRATIC8_PROJECT_DECL PBCounterexample.QuadraticSignPartition definition PBCounterexample.FinitePolynomialSignPartition.test
QUADRATIC8_PROJECT_DECL PBCounterexample.QuadraticSignPartition theorem PBCounterexample.FinitePolynomialSignPartition.semialgebraic_realization._simp_1_1
QUADRATIC8_PROJECT_DECL PBCounterexample.QuadraticSignPartition theorem PBCounterexample.PolynomialSelection.exists_label_for_same_signs
QUADRATIC8_PROJECT_DECL PBCounterexample.QuadraticSignPartition theorem PBCounterexample.PolynomialSelection.signTest_degree
QUADRATIC8_PROJECT_DECL PBCounterexample.QuadraticSignPartition theorem PBCounterexample.FinitePolynomialSignPartition.realization_disjoint
QUADRATIC8_PROJECT_DECL PBCounterexample.QuadraticSignPartition theorem PBCounterexample.FinitePolynomialSignPartition.semialgebraic_realization._simp_1_3
QUADRATIC8_PROJECT_DECL PBCounterexample.QuadraticSignPartition recursor PBCounterexample.FinitePolynomialSignPartition.rec
QUADRATIC8_PROJECT_DECL PBCounterexample.QuadraticSignPartition theorem PBCounterexample.FinitePolynomialSignPartition.semialgebraic_realization._simp_1_5
QUADRATIC8_PROJECT_DECL PBCounterexample.QuadraticSignPartition inductive PBCounterexample.FinitePolynomialSignPartition
QUADRATIC8_PROJECT_DECL PBCounterexample.QuadraticSignPartition theorem _private.PBCounterexample.QuadraticSignPartition.0.PBCounterexample.PolynomialSelection.comparison_iff_of_same_signs._simp_1_3
QUADRATIC8_PROJECT_MODULE PBCounterexample.Quadratic8Partition records=28
QUADRATIC8_PROJECT_DECL PBCounterexample.Quadratic8Partition theorem PBCounterexample.Quadratic8.cofactor2_homogeneous
QUADRATIC8_PROJECT_DECL PBCounterexample.Quadratic8Partition theorem PBCounterexample.Quadratic8.cofactor1_degree
QUADRATIC8_PROJECT_DECL PBCounterexample.Quadratic8Partition theorem PBCounterexample.Quadratic8.signPartition_test_degree
QUADRATIC8_PROJECT_DECL PBCounterexample.Quadratic8Partition theorem PBCounterexample.Quadratic8.lift_degree_le
QUADRATIC8_PROJECT_DECL PBCounterexample.Quadratic8Partition theorem PBCounterexample.Quadratic8.minimum.eq_1
QUADRATIC8_PROJECT_DECL PBCounterexample.Quadratic8Partition theorem PBCounterexample.Quadratic8.indexedMinimum_eq
QUADRATIC8_PROJECT_DECL PBCounterexample.Quadratic8Partition theorem PBCounterexample.Quadratic8.indexed_f_eq
QUADRATIC8_PROJECT_DECL PBCounterexample.Quadratic8Partition theorem PBCounterexample.Quadratic8.indexedSignPartition._proof_1
QUADRATIC8_PROJECT_DECL PBCounterexample.Quadratic8Partition theorem PBCounterexample.Quadratic8.indexedLabelPolynomial.eq_1
QUADRATIC8_PROJECT_DECL PBCounterexample.Quadratic8Partition theorem PBCounterexample.Quadratic8.cofactor1_homogeneous
QUADRATIC8_PROJECT_DECL PBCounterexample.Quadratic8Partition theorem PBCounterexample.Quadratic8.labelPolynomial_degree
QUADRATIC8_PROJECT_DECL PBCounterexample.Quadratic8Partition theorem PBCounterexample.Quadratic8.signPartition_count
QUADRATIC8_PROJECT_DECL PBCounterexample.Quadratic8Partition theorem PBCounterexample.Quadratic8.signPartition_label_degree
QUADRATIC8_PROJECT_DECL PBCounterexample.Quadratic8Partition theorem PBCounterexample.Quadratic8.base_labelPolynomial_degree
QUADRATIC8_PROJECT_DECL PBCounterexample.Quadratic8Partition theorem PBCounterexample.Quadratic8.orientationPolynomial_homogeneous
QUADRATIC8_PROJECT_DECL PBCounterexample.Quadratic8Partition theorem PBCounterexample.Quadratic8.f.eq_1
QUADRATIC8_PROJECT_DECL PBCounterexample.Quadratic8Partition definition PBCounterexample.Quadratic8.labelEquiv
QUADRATIC8_PROJECT_DECL PBCounterexample.Quadratic8Partition theorem PBCounterexample.Quadratic8.indexedLabelPolynomial_degree
QUADRATIC8_PROJECT_DECL PBCounterexample.Quadratic8Partition theorem PBCounterexample.Quadratic8.agrees_on_entire_sign_realization
QUADRATIC8_PROJECT_DECL PBCounterexample.Quadratic8Partition definition PBCounterexample.Quadratic8.indexedLabelPolynomial
QUADRATIC8_PROJECT_DECL PBCounterexample.Quadratic8Partition theorem PBCounterexample.Quadratic8.signPartition._proof_2
QUADRATIC8_PROJECT_DECL PBCounterexample.Quadratic8Partition theorem PBCounterexample.Quadratic8.signPartition._proof_3
QUADRATIC8_PROJECT_DECL PBCounterexample.Quadratic8Partition theorem PBCounterexample.Quadratic8.errorPolynomial_degree
QUADRATIC8_PROJECT_DECL PBCounterexample.Quadratic8Partition theorem PBCounterexample.Quadratic8.signPartition._proof_1
QUADRATIC8_PROJECT_DECL PBCounterexample.Quadratic8Partition definition PBCounterexample.Quadratic8.signPartition
QUADRATIC8_PROJECT_DECL PBCounterexample.Quadratic8Partition theorem PBCounterexample.Quadratic8.orientationPolynomial_degree
QUADRATIC8_PROJECT_DECL PBCounterexample.Quadratic8Partition theorem PBCounterexample.Quadratic8.cofactor2_degree
QUADRATIC8_PROJECT_DECL PBCounterexample.Quadratic8Partition definition PBCounterexample.Quadratic8.indexedSignPartition
QUADRATIC8_PROJECT_MODULE PBCounterexample.Quadratic8Main records=8
QUADRATIC8_PROJECT_DECL PBCounterexample.Quadratic8Main theorem PBCounterexample.Quadratic8.orientation_ne_zero
QUADRATIC8_PROJECT_DECL PBCounterexample.Quadratic8Main theorem PBCounterexample.Quadratic8.exists_whole_space_counterexample
QUADRATIC8_PROJECT_DECL PBCounterexample.Quadratic8Main theorem PBCounterexample.Quadratic8.polynomialCover_count
QUADRATIC8_PROJECT_DECL PBCounterexample.Quadratic8Main theorem PBCounterexample.Quadratic8.polynomialCover_degree
QUADRATIC8_PROJECT_DECL PBCounterexample.Quadratic8Main theorem PBCounterexample.Quadratic8.polynomialCover._proof_1
QUADRATIC8_PROJECT_DECL PBCounterexample.Quadratic8Main definition PBCounterexample.Quadratic8.polynomialCover
QUADRATIC8_PROJECT_DECL PBCounterexample.Quadratic8Main theorem PBCounterexample.Quadratic8.continuous_f
QUADRATIC8_PROJECT_DECL PBCounterexample.Quadratic8Main theorem PBCounterexample.Quadratic8.whole_space_counterexample
QUADRATIC8_OPERATIONAL_EFFECTIVE_RECORD_CHECKED PBCounterexample.Radial PBCounterexample.LatticeExpr.evalWith._unsafe_rec
QUADRATIC8_OPERATIONAL_EFFECTIVE_RECORD_CHECKED PBCounterexample.Radial PBCounterexample.LatticeExpr.leaves._unsafe_rec
QUADRATIC8_PROJECT_INVENTORY_OK modules=34 all_project_names=928 safe_roots=926 records=932 duplicates=4 retained_proof_variants=1 stored_operational=2 effective_operational=2
QUADRATIC8_STORED_PROOF_VARIANT_RAW_OK stored=PBCounterexample.PolynomialSubstitution name=PBCounterexample.LatticeExpr.eval.eq_def constants=8010 axioms=[propext,
 Classical.choice,
 Quot.sound]; kernel check pending
QUADRATIC8_OPERATIONAL_UNREACHABLE_FROM_ALL_SAFE_ROOTS_AND_VARIANTS PBCounterexample.LatticeExpr.evalWith._unsafe_rec
QUADRATIC8_OPERATIONAL_UNREACHABLE_FROM_ALL_SAFE_ROOTS_AND_VARIANTS PBCounterexample.LatticeExpr.leaves._unsafe_rec
QUADRATIC8_CACHED_AXIOMS PBCounterexample.QuadraticDecomposition.coordinateBilinear._proof_2 [propext]
QUADRATIC8_CACHED_AXIOMS PBCounterexample.QuadraticDecomposition.coordinateBilinear._proof_3 [propext,
 Classical.choice,
 Quot.sound]
QUADRATIC8_CACHED_AXIOMS PBCounterexample.QuadraticDecomposition.coordinateBilinear._proof_1 [propext,
 Classical.choice,
 Quot.sound]
QUADRATIC8_CACHED_AXIOMS PBCounterexample.QuadraticDecomposition.coordinateBilinear._proof_4 [propext,
 Classical.choice,
 Quot.sound]
QUADRATIC8_CACHED_AXIOMS PBCounterexample.QuadraticDecomposition.exponent_degree_le_two._proof_1_1 [propext,
 Classical.choice,
 Quot.sound]
QUADRATIC8_CACHED_AXIOMS PBCounterexample.QuadraticDecomposition.monomial_representation [propext,
 Classical.choice,
 Quot.sound]
QUADRATIC8_CACHED_AXIOMS PBCounterexample.QuadraticDecomposition.coordinateBilinear._proof_6 [propext,
 Classical.choice,
 Quot.sound]
QUADRATIC8_CACHED_AXIOMS PBCounterexample.QuadraticDecomposition.coordinateBilinear [propext,
 Classical.choice,
 Quot.sound]
QUADRATIC8_CACHED_AXIOMS PBCounterexample.QuadraticDecomposition.monomial_representation._simp_1_1 [propext,
 Classical.choice,
 Quot.sound]
QUADRATIC8_CACHED_AXIOMS PBCounterexample.QuadraticDecomposition.coordinateBilinear._proof_10 [propext,
 Classical.choice,
 Quot.sound]
QUADRATIC8_CACHED_AXIOMS PBCounterexample.QuadraticDecomposition.exponent_degree_le_two._proof_1_2 [propext,
 Classical.choice,
 Quot.sound]
QUADRATIC8_CACHED_AXIOMS PBCounterexample.QuadraticDecomposition.exponent_degree_le_two._proof_1_3 [propext,
 Classical.choice,
 Quot.sound]
QUADRATIC8_CACHED_AXIOMS PBCounterexample.QuadraticDecomposition.coordinateBilinear._proof_5 [propext,
 Classical.choice,
 Quot.sound]
QUADRATIC8_CACHED_AXIOMS PBCounterexample.QuadraticDecomposition.coordinateBilinear._proof_8 [propext,
 Classical.choice,
 Quot.sound]
QUADRATIC8_CACHED_AXIOMS PBCounterexample.QuadraticDecomposition.coordinateBilinear._proof_9 [propext,
 Classical.choice,
 Quot.sound]
QUADRATIC8_CACHED_AXIOMS PBCounterexample.QuadraticDecomposition.coordinateBilinear_symmetric [propext,
 Classical.choice,
 Quot.sound]
QUADRATIC8_CACHED_AXIOMS PBCounterexample.QuadraticDecomposition.monomial_representation._simp_1_2 [propext,
 Classical.choice,
 Quot.sound]
QUADRATIC8_CACHED_AXIOMS PBCounterexample.QuadraticDecomposition.coordinateBilinear._proof_7 [propext,
 Classical.choice,
 Quot.sound]
QUADRATIC8_CACHED_AXIOMS PBCounterexample.QuadraticDecomposition.polynomial_representation [propext,
 Classical.choice,
 Quot.sound]
QUADRATIC8_CACHED_AXIOMS PBCounterexample.QuadraticDecomposition.exponent_degree_le_two [propext,
 Classical.choice,
 Quot.sound]
QUADRATIC8_CACHED_AXIOMS PBCounterexample.QuadraticDecomposition.coordinateBilinear_diagonal [propext,
 Classical.choice,
 Quot.sound]
QUADRATIC8_CACHED_AXIOMS PBCounterexample.LowDegreeCoordinates.homogeneous_two_eq_sum [propext,
 Classical.choice,
 Quot.sound]
QUADRATIC8_CACHED_AXIOMS PBCounterexample.LowDegreeCoordinates.homogeneous_eq_sum_monomials [propext,
 Classical.choice,
 Quot.sound]
QUADRATIC8_CACHED_AXIOMS PBCounterexample.LowDegreeCoordinates.exponent_degree_two [propext,
 Classical.choice,
 Quot.sound]
QUADRATIC8_CACHED_AXIOMS PBCounterexample.LowDegreeCoordinates.homogeneous_one_eq_sum [propext,
 Classical.choice,
 Quot.sound]
QUADRATIC8_CACHED_AXIOMS PBCounterexample.IsSemialgebraic.below.inter [propext, Classical.choice, Quot.sound]
QUADRATIC8_CACHED_AXIOMS PBCounterexample.IsSemialgebraic.polynomial_le [propext, Classical.choice, Quot.sound]
QUADRATIC8_CACHED_AXIOMS PBCounterexample.FiniteClosedPolynomialCover.mk.injEq [propext, Classical.choice, Quot.sound]
QUADRATIC8_CACHED_AXIOMS PBCounterexample.FiniteClosedPolynomialCover.ctorIdx [propext, Classical.choice, Quot.sound]
QUADRATIC8_CACHED_AXIOMS PBCounterexample.FiniteClosedPolynomialCover._sizeOf_inst [propext,
 Classical.choice,
 Quot.sound]
QUADRATIC8_CACHED_AXIOMS PBCounterexample.FiniteClosedPolynomialCover.covers [propext, Classical.choice, Quot.sound]
QUADRATIC8_CACHED_AXIOMS PBCounterexample.IsSemialgebraic.iInter [propext, Classical.choice, Quot.sound]
QUADRATIC8_CACHED_AXIOMS PBCounterexample.FiniteClosedPolynomialCover.mk.sizeOf_spec [propext,
 Classical.choice,
 Quot.sound]
QUADRATIC8_CACHED_AXIOMS PBCounterexample.FiniteClosedPolynomialCover.continuous [propext, Classical.choice, Quot.sound]
QUADRATIC8_CACHED_AXIOMS PBCounterexample.IsSemialgebraic.casesOn [propext, Classical.choice, Quot.sound]
QUADRATIC8_CACHED_AXIOMS PBCounterexample.IsSemialgebraic.below.union [propext, Classical.choice, Quot.sound]
QUADRATIC8_CACHED_AXIOMS PBCounterexample.IsSemialgebraic.ge_zero [propext, Classical.choice, Quot.sound]
QUADRATIC8_CACHED_AXIOMS PBCounterexample.FiniteClosedPolynomialCover.mk.inj [propext, Classical.choice, Quot.sound]
QUADRATIC8_CACHED_AXIOMS PBCounterexample.IsSemialgebraic.brecOn [propext, Classical.choice, Quot.sound]
QUADRATIC8_CACHED_AXIOMS PBCounterexample.IsSemialgebraic.le [propext, Classical.choice, Quot.sound]
QUADRATIC8_CACHED_AXIOMS PBCounterexample.IsSemialgebraic.below [propext, Classical.choice, Quot.sound]
QUADRATIC8_CACHED_AXIOMS PBCounterexample.IsSemialgebraic.iUnion [propext, Classical.choice, Quot.sound]
QUADRATIC8_CACHED_AXIOMS PBCounterexample.IsSemialgebraic [propext, Classical.choice, Quot.sound]
QUADRATIC8_CACHED_AXIOMS PBCounterexample.IsSemialgebraic.compl [propext, Classical.choice, Quot.sound]
QUADRATIC8_CACHED_AXIOMS PBCounterexample.FiniteClosedPolynomialCover.recOn [propext, Classical.choice, Quot.sound]
QUADRATIC8_CACHED_AXIOMS PBCounterexample.IsSemialgebraic.inter [propext, Classical.choice, Quot.sound]
QUADRATIC8_CACHED_AXIOMS PBCounterexample.IsSemialgebraic.below.rec [propext, Classical.choice, Quot.sound]
QUADRATIC8_CACHED_AXIOMS PBCounterexample.IsSemialgebraic.empty [propext, Classical.choice, Quot.sound]
QUADRATIC8_CACHED_AXIOMS PBCounterexample.IsSemialgebraic.univ [propext, Classical.choice, Quot.sound]
QUADRATIC8_CACHED_AXIOMS PBCounterexample.FiniteClosedPolynomialCover._sizeOf_1 [propext, Classical.choice, Quot.sound]
QUADRATIC8_CACHED_AXIOMS PBCounterexample.FiniteClosedPolynomialCover.mk._flat_ctor [propext,
 Classical.choice,
 Quot.sound]
QUADRATIC8_CACHED_AXIOMS PBCounterexample.IsSemialgebraic.finset_union [propext, Classical.choice, Quot.sound]
QUADRATIC8_CACHED_AXIOMS PBCounterexample.FiniteClosedPolynomialCover.count [propext, Classical.choice, Quot.sound]
QUADRATIC8_CACHED_AXIOMS PBCounterexample.IsSemialgebraic.below.compl [propext, Classical.choice, Quot.sound]
QUADRATIC8_CACHED_AXIOMS PBCounterexample.FiniteClosedPolynomialCover.noConfusion [propext,
 Classical.choice,
 Quot.sound]
QUADRATIC8_CACHED_AXIOMS PBCounterexample.FiniteClosedPolynomialCover.mk.noConfusion [propext,
 Classical.choice,
 Quot.sound]
QUADRATIC8_CACHED_AXIOMS PBCounterexample.FiniteClosedPolynomialCover.agrees [propext, Classical.choice, Quot.sound]
QUADRATIC8_CACHED_AXIOMS PBCounterexample.IsSemialgebraic.below.polynomial_le [propext, Classical.choice, Quot.sound]
QUADRATIC8_CACHED_AXIOMS PBCounterexample.IsSemialgebraic.le._simp_1_1 [propext]
QUADRATIC8_CACHED_AXIOMS PBCounterexample.IsSemialgebraic.rec [propext, Classical.choice, Quot.sound]
QUADRATIC8_CACHED_AXIOMS PBCounterexample.FiniteClosedPolynomialCover.semialgebraic [propext,
 Classical.choice,
 Quot.sound]
QUADRATIC8_CACHED_AXIOMS PBCounterexample.IsSemialgebraic.union [propext, Classical.choice, Quot.sound]
QUADRATIC8_CACHED_AXIOMS PBCounterexample.IsSemialgebraic.below.casesOn [propext, Classical.choice, Quot.sound]
QUADRATIC8_CACHED_AXIOMS PBCounterexample.FiniteClosedPolynomialCover.label [propext, Classical.choice, Quot.sound]
QUADRATIC8_CACHED_AXIOMS PBCounterexample.IsSemialgebraic.recOn [propext, Classical.choice, Quot.sound]
QUADRATIC8_CACHED_AXIOMS PBCounterexample.FiniteClosedPolynomialCover.noConfusionType [propext,
 Classical.choice,
 Quot.sound]
QUADRATIC8_CACHED_AXIOMS PBCounterexample.FiniteClosedPolynomialCover.rec [propext, Classical.choice, Quot.sound]
QUADRATIC8_CACHED_AXIOMS PBCounterexample.FiniteClosedPolynomialCover.region [propext, Classical.choice, Quot.sound]
QUADRATIC8_CACHED_AXIOMS PBCounterexample.FiniteClosedPolynomialCover.closed [propext, Classical.choice, Quot.sound]
QUADRATIC8_CACHED_AXIOMS PBCounterexample.IsSemialgebraic.finset_inter [propext, Classical.choice, Quot.sound]
QUADRATIC8_CACHED_AXIOMS PBCounterexample.FiniteClosedPolynomialCover [propext, Classical.choice, Quot.sound]
QUADRATIC8_CACHED_AXIOMS PBCounterexample.FiniteClosedPolynomialCover.mk [propext, Classical.choice, Quot.sound]
QUADRATIC8_CACHED_AXIOMS PBCounterexample.FiniteClosedPolynomialCover.casesOn [propext, Classical.choice, Quot.sound]
QUADRATIC8_CACHED_AXIOMS PBCounterexample.Radial.clip_max [propext, Classical.choice, Quot.sound]
QUADRATIC8_CACHED_AXIOMS PBCounterexample.Radial.clip.eq_1 [propext, Classical.choice, Quot.sound]
QUADRATIC8_CACHED_AXIOMS PBCounterexample.Radial.clip_neg_iff._simp_1_3 [propext]
QUADRATIC8_CACHED_AXIOMS PBCounterexample.Radial.tendsto_clip_quadratic_of_low_coefficients_zero._simp_1_4 [propext]
QUADRATIC8_CACHED_AXIOMS PBCounterexample.Radial.tendsto_clip_quadratic_of_low_coefficients_zero._simp_1_7 [propext]
QUADRATIC8_CACHED_AXIOMS PBCounterexample.Radial.tendsto_clip_quadratic_of_low_coefficients_zero._simp_1_2 [propext]
QUADRATIC8_CACHED_AXIOMS PBCounterexample.Radial.tendsto_clip_quadratic_of_low_coefficients_zero._simp_1_6 [propext,
 Classical.choice,
 Quot.sound]
QUADRATIC8_CACHED_AXIOMS PBCounterexample.Radial.clip_min [propext, Classical.choice, Quot.sound]
QUADRATIC8_CACHED_AXIOMS PBCounterexample.Radial.sign_clip._simp_1_2 [propext, Classical.choice, Quot.sound]
QUADRATIC8_CACHED_AXIOMS PBCounterexample.Radial.clip_pos_iff._simp_1_3 [propext]
QUADRATIC8_CACHED_AXIOMS PBCounterexample.Radial.clip_neg_iff [propext, Classical.choice, Quot.sound]
QUADRATIC8_CACHED_AXIOMS PBCounterexample.Radial.monotone_clip [propext, Classical.choice, Quot.sound]
QUADRATIC8_CACHED_AXIOMS PBCounterexample.Radial.clip_zero [propext, Classical.choice, Quot.sound]
QUADRATIC8_CACHED_AXIOMS PBCounterexample.Radial.tendsto_clip_quadratic_of_linear_pos [propext,
 Classical.choice,
 Quot.sound]
QUADRATIC8_CACHED_AXIOMS PBCounterexample.Radial.tendsto_clip_quadratic_of_constant_neg [propext,
 Classical.choice,
 Quot.sound]
QUADRATIC8_CACHED_AXIOMS PBCounterexample.Radial.continuous_clip [propext, Classical.choice, Quot.sound]
QUADRATIC8_CACHED_AXIOMS PBCounterexample.Radial.clip_pos_iff [propext, Classical.choice, Quot.sound]
QUADRATIC8_CACHED_AXIOMS PBCounterexample.Radial.clip_eq_neg_one_of_le [propext, Classical.choice, Quot.sound]
QUADRATIC8_CACHED_AXIOMS PBCounterexample.Radial.clip_eq_one_of_one_le [propext, Classical.choice, Quot.sound]
QUADRATIC8_CACHED_AXIOMS PBCounterexample.Radial.monotone_realSign [propext, Classical.choice, Quot.sound]
QUADRATIC8_CACHED_AXIOMS PBCounterexample.Radial.clip_neg_iff._simp_1_2 [propext]
QUADRATIC8_CACHED_AXIOMS PBCounterexample.Radial.tendsto_clip_quadratic_of_low_coefficients_zero._simp_1_3 [propext]
QUADRATIC8_CACHED_AXIOMS PBCounterexample.Radial.clip_pos_iff._simp_1_2 [propext]
QUADRATIC8_CACHED_AXIOMS PBCounterexample.Radial.tendsto_clip_quadratic_of_low_coefficients_zero._simp_1_5 [propext]
QUADRATIC8_CACHED_AXIOMS PBCounterexample.Radial.clip_eq_zero_iff [propext, Classical.choice, Quot.sound]
QUADRATIC8_CACHED_AXIOMS PBCounterexample.Radial.sign_clip._simp_1_1 [propext, Classical.choice, Quot.sound]
QUADRATIC8_CACHED_AXIOMS PBCounterexample.Radial.tendsto_clip_quadratic_of_low_coefficients_zero._simp_1_1 [propext]
QUADRATIC8_CACHED_AXIOMS PBCounterexample.Radial.sign_clip [propext, Classical.choice, Quot.sound]
QUADRATIC8_CACHED_AXIOMS PBCounterexample.Radial.tendsto_clip_quadratic_of_linear_neg [propext,
 Classical.choice,
 Quot.sound]
QUADRATIC8_CACHED_AXIOMS PBCounterexample.Radial.tendsto_clip_quadratic_of_low_coefficients_zero [propext,
 Classical.choice,
 Quot.sound]
QUADRATIC8_CACHED_AXIOMS PBCounterexample.Radial.tendsto_clip_quadratic_of_constant_pos [propext,
 Classical.choice,
 Quot.sound]
QUADRATIC8_CACHED_AXIOMS PBCounterexample.Radial.clip [propext, Classical.choice, Quot.sound]
QUADRATIC8_CACHED_AXIOMS PBCounterexample.Radial.radialPolynomial.eq_1 [propext, Classical.choice, Quot.sound]
QUADRATIC8_CACHED_AXIOMS PBCounterexample.Radial.polynomial_eval_expand [propext, Classical.choice, Quot.sound]
QUADRATIC8_CACHED_AXIOMS PBCounterexample.Radial.limitingValue [propext, Classical.choice, Quot.sound]
QUADRATIC8_CACHED_AXIOMS PBCounterexample.Radial.tendsto_clip_polynomial._simp_1_2 [propext,
 Classical.choice,
 Quot.sound]
QUADRATIC8_CACHED_AXIOMS PBCounterexample.Radial.eval_homogeneous_scale [propext, Classical.choice, Quot.sound]
QUADRATIC8_CACHED_AXIOMS PBCounterexample.Radial.radialPolynomial [propext, Classical.choice, Quot.sound]
QUADRATIC8_CACHED_AXIOMS PBCounterexample.Radial.tendsto_clip_mvPolynomial._proof_1_1 [propext,
 Classical.choice,
 Quot.sound]
QUADRATIC8_CACHED_AXIOMS PBCounterexample.Radial.limitingValue.eq_1 [propext, Classical.choice, Quot.sound]
QUADRATIC8_CACHED_AXIOMS PBCounterexample.Radial.tendsto_clip_mvPolynomial._proof_1_3 [propext,
 Classical.choice,
 Quot.sound]
QUADRATIC8_CACHED_AXIOMS PBCounterexample.Radial.tendsto_clip_mvPolynomial._proof_1_2 [propext,
 Classical.choice,
 Quot.sound]
QUADRATIC8_CACHED_AXIOMS PBCounterexample.Radial.sum_homogeneousComponent_extended._proof_1_2 [propext,
 Classical.choice,
 Quot.sound]
QUADRATIC8_CACHED_AXIOMS PBCounterexample.Radial.radialPolynomial_eval [propext, Classical.choice, Quot.sound]
QUADRATIC8_CACHED_AXIOMS PBCounterexample.Radial.sign_limitingValue [propext, Classical.choice, Quot.sound]
QUADRATIC8_CACHED_AXIOMS PBCounterexample.Radial.leafLimit [propext, Classical.choice, Quot.sound]
QUADRATIC8_CACHED_AXIOMS PBCounterexample.Radial.sum_homogeneousComponent_extended [propext,
 Classical.choice,
 Quot.sound]
QUADRATIC8_CACHED_AXIOMS PBCounterexample.Radial.tendsto_clip_mvPolynomial [propext, Classical.choice, Quot.sound]
QUADRATIC8_CACHED_AXIOMS PBCounterexample.Radial.sum_homogeneousComponent_extended._proof_1_4 [propext,
 Classical.choice,
 Quot.sound]
QUADRATIC8_CACHED_AXIOMS PBCounterexample.Radial.sum_homogeneousComponent_extended._simp_1_3 [propext]
QUADRATIC8_CACHED_AXIOMS PBCounterexample.Radial.radialPolynomial_coeff._simp_1_2 [propext,
 Classical.choice,
 Quot.sound]
QUADRATIC8_CACHED_AXIOMS PBCounterexample.Radial.sum_homogeneousComponent_extended._simp_1_1 [propext,
 Classical.choice,
 Quot.sound]
QUADRATIC8_CACHED_AXIOMS PBCounterexample.Radial.radialPolynomial_coeff [propext, Classical.choice, Quot.sound]
QUADRATIC8_CACHED_AXIOMS PBCounterexample.Radial.sign_limitingValue_congr [propext, Classical.choice, Quot.sound]
QUADRATIC8_CACHED_AXIOMS PBCounterexample.Radial.tendsto_clip_polynomial [propext, Classical.choice, Quot.sound]
QUADRATIC8_CACHED_AXIOMS PBCounterexample.Radial.leafLimit.eq_1 [propext, Classical.choice, Quot.sound]
QUADRATIC8_CACHED_AXIOMS _private.PBCounterexample.PolynomialSelection.0.PBCounterexample.PolynomialSelection.region.match_1.eq_1 []
QUADRATIC8_CACHED_AXIOMS PBCounterexample.PolynomialSelection.polynomialCover_count [propext,
 Classical.choice,
 Quot.sound]
QUADRATIC8_CACHED_AXIOMS PBCounterexample.PolynomialSelection.f [propext, Classical.choice, Quot.sound]
QUADRATIC8_CACHED_AXIOMS PBCounterexample.PolynomialSelection.polynomialCover_homogeneous [propext,
 Classical.choice,
 Quot.sound]
QUADRATIC8_CACHED_AXIOMS _private.PBCounterexample.PolynomialSelection.0.PBCounterexample.PolynomialSelection.region.match_1.eq_2 []
QUADRATIC8_CACHED_AXIOMS PBCounterexample.PolynomialSelection.region_agrees [propext, Classical.choice, Quot.sound]
QUADRATIC8_CACHED_AXIOMS PBCounterexample.PolynomialSelection.label.eq_1 [propext, Classical.choice, Quot.sound]
QUADRATIC8_CACHED_AXIOMS PBCounterexample.PolynomialSelection.polynomialCover._proof_2 [propext,
 Classical.choice,
 Quot.sound]
QUADRATIC8_CACHED_AXIOMS PBCounterexample.PolynomialSelection.polynomialCover._proof_3 [propext,
 Classical.choice,
 Quot.sound]
QUADRATIC8_CACHED_AXIOMS PBCounterexample.PolynomialSelection.polynomialCover [propext, Classical.choice, Quot.sound]
QUADRATIC8_CACHED_AXIOMS PBCounterexample.PolynomialSelection.continuous_f [propext, Classical.choice, Quot.sound]
QUADRATIC8_CACHED_AXIOMS PBCounterexample.PolynomialSelection.f_positive_homogeneous [propext,
 Classical.choice,
 Quot.sound]
QUADRATIC8_CACHED_AXIOMS PBCounterexample.PolynomialSelection.minimum_eq_on_region [propext,
 Classical.choice,
 Quot.sound]
QUADRATIC8_CACHED_AXIOMS PBCounterexample.PolynomialSelection.f_eq_on_region [propext, Classical.choice, Quot.sound]
QUADRATIC8_CACHED_AXIOMS PBCounterexample.PolynomialSelection.minimum_le [propext, Classical.choice, Quot.sound]
QUADRATIC8_CACHED_AXIOMS PBCounterexample.PolynomialSelection.le_minimum_iff [propext, Classical.choice, Quot.sound]
QUADRATIC8_CACHED_AXIOMS PBCounterexample.PolynomialSelection.minimum.congr_simp [propext, Classical.choice, Quot.sound]
QUADRATIC8_CACHED_AXIOMS PBCounterexample.PolynomialSelection.polynomialRegion [propext, Classical.choice, Quot.sound]
QUADRATIC8_CACHED_AXIOMS PBCounterexample.PolynomialSelection.zeroRegion [propext, Classical.choice, Quot.sound]
QUADRATIC8_CACHED_AXIOMS PBCounterexample.PolynomialSelection.region [propext, Classical.choice, Quot.sound]
QUADRATIC8_CACHED_AXIOMS PBCounterexample.PolynomialSelection.f.eq_1 [propext, Classical.choice, Quot.sound]
QUADRATIC8_CACHED_AXIOMS PBCounterexample.PolynomialSelection.polynomialCover._proof_1 [propext,
 Classical.choice,
 Quot.sound]
QUADRATIC8_CACHED_AXIOMS PBCounterexample.PolynomialSelection.polynomialCover._proof_4 [propext,
 Classical.choice,
 Quot.sound]
QUADRATIC8_CACHED_AXIOMS PBCounterexample.PolynomialSelection.semialgebraic_zeroRegion [propext,
 Classical.choice,
 Quot.sound]
QUADRATIC8_CACHED_AXIOMS PBCounterexample.PolynomialSelection.f.congr_simp [propext, Classical.choice, Quot.sound]
QUADRATIC8_CACHED_AXIOMS PBCounterexample.PolynomialSelection.exists_minimum_eq [propext, Classical.choice, Quot.sound]
QUADRATIC8_CACHED_AXIOMS PBCounterexample.PolynomialSelection.label.eq_2 [propext, Classical.choice, Quot.sound]
QUADRATIC8_CACHED_AXIOMS PBCounterexample.PolynomialSelection.polynomialCover._simp_1 [propext]
QUADRATIC8_CACHED_AXIOMS PBCounterexample.PolynomialSelection.continuous_minimum [propext, Classical.choice, Quot.sound]
QUADRATIC8_CACHED_AXIOMS PBCounterexample.PolynomialSelection.semialgebraic_polynomialRegion [propext,
 Classical.choice,
 Quot.sound]
QUADRATIC8_CACHED_AXIOMS PBCounterexample.PolynomialSelection.minimum [propext, Classical.choice, Quot.sound]
QUADRATIC8_CACHED_AXIOMS PBCounterexample.PolynomialSelection.f_zero [propext, Classical.choice, Quot.sound]
QUADRATIC8_CACHED_AXIOMS PBCounterexample.PolynomialSelection.minimum_smul [propext, Classical.choice, Quot.sound]
QUADRATIC8_CACHED_AXIOMS PBCounterexample.PolynomialSelection.polynomialCover._simp_2 [propext]
QUADRATIC8_CACHED_AXIOMS PBCounterexample.PolynomialSelection.region.match_1 []
QUADRATIC8_CACHED_AXIOMS _private.PBCounterexample.PolynomialSelection.0.PBCounterexample.PolynomialSelection.region.match_1.splitter []
QUADRATIC8_CACHED_AXIOMS PBCounterexample.PolynomialSelection.isClosed_zeroRegion [propext,
 Classical.choice,
 Quot.sound]
QUADRATIC8_CACHED_AXIOMS PBCounterexample.PolynomialSelection.region_covers_point [propext,
 Classical.choice,
 Quot.sound]
QUADRATIC8_CACHED_AXIOMS PBCounterexample.PolynomialSelection.minimum.eq_1 [propext, Classical.choice, Quot.sound]
QUADRATIC8_CACHED_AXIOMS PBCounterexample.PolynomialSelection.isClosed_polynomialRegion [propext,
 Classical.choice,
 Quot.sound]
QUADRATIC8_CACHED_AXIOMS PBCounterexample.PolynomialSelection.label [propext, Classical.choice, Quot.sound]
QUADRATIC8_CACHED_AXIOMS PBCounterexample.Laplacian.constant_of_quadratic_zero [propext, Classical.choice, Quot.sound]
QUADRATIC8_CACHED_AXIOMS PBCounterexample.Laplacian.sum_squared_differences._simp_1_2 [propext, Quot.sound]
QUADRATIC8_CACHED_AXIOMS PBCounterexample.Laplacian.sum_squared_differences [propext, Classical.choice, Quot.sound]
QUADRATIC8_CACHED_AXIOMS PBCounterexample.Laplacian.sum_squared_differences._simp_1_1 [propext, Quot.sound]
QUADRATIC8_CACHED_AXIOMS PBCounterexample.GramSelection.gramPolynomial [propext, Classical.choice, Quot.sound]
QUADRATIC8_CACHED_AXIOMS PBCounterexample.GramSelection.gram_symm [propext, Classical.choice, Quot.sound]
QUADRATIC8_CACHED_AXIOMS PBCounterexample.GramSelection.quadratic_pullback [propext, Classical.choice, Quot.sound]
QUADRATIC8_CACHED_AXIOMS PBCounterexample.GramSelection.simplex_column_sum [propext, Classical.choice, Quot.sound]
QUADRATIC8_CACHED_AXIOMS PBCounterexample.GramSelection.quadratic_gram_nonpos_of_kernel [propext,
 Classical.choice,
 Quot.sound]
QUADRATIC8_CACHED_AXIOMS PBCounterexample.GramSelection.I []
QUADRATIC8_CACHED_AXIOMS PBCounterexample.GramSelection.laplacian.eq_1 [propext, Classical.choice, Quot.sound]
QUADRATIC8_CACHED_AXIOMS PBCounterexample.GramSelection.laplacian_row_sum._simp_1_1 [propext, Quot.sound]
QUADRATIC8_CACHED_AXIOMS PBCounterexample.GramSelection.Label []
QUADRATIC8_CACHED_AXIOMS PBCounterexample.GramSelection.laplacian_row_sum [propext, Classical.choice, Quot.sound]
QUADRATIC8_CACHED_AXIOMS PBCounterexample.GramSelection.eval_determinantPolynomial [propext,
 Classical.choice,
 Quot.sound]
QUADRATIC8_CACHED_AXIOMS PBCounterexample.GramSelection.polynomialCover [propext, Classical.choice, Quot.sound]
QUADRATIC8_CACHED_AXIOMS PBCounterexample.GramSelection.label_count [propext, Classical.choice, Quot.sound]
QUADRATIC8_CACHED_AXIOMS PBCounterexample.GramSelection.laplacian [propext, Classical.choice, Quot.sound]
QUADRATIC8_CACHED_AXIOMS PBCounterexample.GramSelection.gramPolynomial_homogeneous [propext,
 Classical.choice,
 Quot.sound]
QUADRATIC8_CACHED_AXIOMS PBCounterexample.GramSelection.transpose_simplex_liftVector [propext,
 Classical.choice,
 Quot.sound]
QUADRATIC8_CACHED_AXIOMS PBCounterexample.GramSelection.eval_qPolynomial [propext, Classical.choice, Quot.sound]
QUADRATIC8_CACHED_AXIOMS PBCounterexample.GramSelection.simplex [propext, Classical.choice, Quot.sound]
QUADRATIC8_CACHED_AXIOMS PBCounterexample.GramSelection.f [propext, Classical.choice, Quot.sound]
QUADRATIC8_CACHED_AXIOMS PBCounterexample.GramSelection.polynomialCover_homogeneous [propext,
 Classical.choice,
 Quot.sound]
QUADRATIC8_CACHED_AXIOMS PBCounterexample.GramSelection.laplacian_symm [propext, Classical.choice, Quot.sound]
QUADRATIC8_CACHED_AXIOMS PBCounterexample.GramSelection.instNonemptyLabel [propext]
QUADRATIC8_CACHED_AXIOMS PBCounterexample.GramSelection.determinantPolynomial [propext, Classical.choice, Quot.sound]
QUADRATIC8_CACHED_AXIOMS PBCounterexample.GramSelection.gramPolynomial.eq_1 [propext, Classical.choice, Quot.sound]
QUADRATIC8_CACHED_AXIOMS PBCounterexample.GramSelection.qPolynomial.eq_1 [propext, Classical.choice, Quot.sound]
QUADRATIC8_CACHED_AXIOMS PBCounterexample.GramSelection.liftVector.eq_1 [propext, Classical.choice, Quot.sound]
QUADRATIC8_CACHED_AXIOMS PBCounterexample.GramSelection.matrix_kernel_zero [propext, Classical.choice, Quot.sound]
QUADRATIC8_CACHED_AXIOMS PBCounterexample.GramSelection.continuous_f [propext, Classical.choice, Quot.sound]
QUADRATIC8_CACHED_AXIOMS PBCounterexample.GramSelection.f_positive_homogeneous [propext, Classical.choice, Quot.sound]
QUADRATIC8_CACHED_AXIOMS PBCounterexample.GramSelection.matrix_kernel_zero._simp_1_1 [propext, Quot.sound]
QUADRATIC8_CACHED_AXIOMS PBCounterexample.GramSelection.simplex._proof_1 [propext]
QUADRATIC8_CACHED_AXIOMS PBCounterexample.GramSelection.minimum [propext, Classical.choice, Quot.sound]
QUADRATIC8_CACHED_AXIOMS PBCounterexample.GramSelection.eval_gramPolynomial [propext, Classical.choice, Quot.sound]
QUADRATIC8_CACHED_AXIOMS PBCounterexample.GramSelection.simplex.eq_1 [propext, Classical.choice, Quot.sound]
QUADRATIC8_CACHED_AXIOMS PBCounterexample.GramSelection.J []
QUADRATIC8_CACHED_AXIOMS PBCounterexample.GramSelection.quadratic_laplacian_nonneg [propext,
 Classical.choice,
 Quot.sound]
QUADRATIC8_CACHED_AXIOMS PBCounterexample.GramSelection.polynomialCover_count [propext, Classical.choice, Quot.sound]
QUADRATIC8_CACHED_AXIOMS PBCounterexample.GramSelection.determinant_ne_zero [propext, Classical.choice, Quot.sound]
QUADRATIC8_CACHED_AXIOMS PBCounterexample.GramSelection.polynomialCover._proof_1 [propext, Classical.choice, Quot.sound]
QUADRATIC8_CACHED_AXIOMS PBCounterexample.GramSelection.qPolynomial_homogeneous [propext, Classical.choice, Quot.sound]
QUADRATIC8_CACHED_AXIOMS PBCounterexample.GramSelection.gram.eq_1 [propext, Classical.choice, Quot.sound]
QUADRATIC8_CACHED_AXIOMS PBCounterexample.GramSelection.liftVector._proof_1 [propext]
QUADRATIC8_CACHED_AXIOMS PBCounterexample.GramSelection.liftVector [propext, Classical.choice, Quot.sound]
QUADRATIC8_CACHED_AXIOMS PBCounterexample.GramSelection.laplacian_offdiag_neg [propext, Classical.choice, Quot.sound]
QUADRATIC8_CACHED_AXIOMS PBCounterexample.GramSelection.qPolynomial [propext, Classical.choice, Quot.sound]
QUADRATIC8_CACHED_AXIOMS PBCounterexample.GramSelection.gram [propext, Classical.choice, Quot.sound]
QUADRATIC8_CACHED_AXIOMS PBCounterexample.Gram6.aPolynomial.eq_1 [propext, Classical.choice, Quot.sound]
QUADRATIC8_CACHED_AXIOMS PBCounterexample.Gram6.eval_bPolynomial [propext, Classical.choice, Quot.sound]
QUADRATIC8_CACHED_AXIOMS PBCounterexample.Gram6.bMatrix [propext, Classical.choice, Quot.sound]
QUADRATIC8_CACHED_AXIOMS PBCounterexample.Gram6.Coord [propext, Classical.choice, Quot.sound]
QUADRATIC8_CACHED_AXIOMS PBCounterexample.Gram6.gram_relation [propext, Classical.choice, Quot.sound]
QUADRATIC8_CACHED_AXIOMS PBCounterexample.Gram6.eval_aPolynomial [propext, Classical.choice, Quot.sound]
QUADRATIC8_CACHED_AXIOMS PBCounterexample.Gram6.aPolynomial_homogeneous [propext, Classical.choice, Quot.sound]
QUADRATIC8_CACHED_AXIOMS PBCounterexample.Gram6.bPolynomial [propext, Classical.choice, Quot.sound]
QUADRATIC8_CACHED_AXIOMS PBCounterexample.Gram6.eval_determinantPolynomial [propext, Classical.choice, Quot.sound]
QUADRATIC8_CACHED_AXIOMS PBCounterexample.Gram6.aMatrix._proof_2 [propext]
QUADRATIC8_CACHED_AXIOMS PBCounterexample.Gram6.gramPolynomial_homogeneous [propext, Classical.choice, Quot.sound]
QUADRATIC8_CACHED_AXIOMS PBCounterexample.Gram6.gramMatrix [propext, Classical.choice, Quot.sound]
QUADRATIC8_CACHED_AXIOMS PBCounterexample.Gram6.determinantPolynomial.eq_1 [propext, Classical.choice, Quot.sound]
QUADRATIC8_CACHED_AXIOMS PBCounterexample.Gram6.gram_entry02 [propext, Classical.choice, Quot.sound]
QUADRATIC8_CACHED_AXIOMS PBCounterexample.Gram6.gramMatrix._proof_1 [propext]
QUADRATIC8_CACHED_AXIOMS PBCounterexample.Gram6.gramMatrix.eq_1 [propext, Classical.choice, Quot.sound]
QUADRATIC8_CACHED_AXIOMS PBCounterexample.Gram6.bMatrix.eq_1 [propext, Classical.choice, Quot.sound]
QUADRATIC8_CACHED_AXIOMS PBCounterexample.Gram6.aPolynomial [propext, Classical.choice, Quot.sound]
QUADRATIC8_CACHED_AXIOMS PBCounterexample.Gram6.gramMatrix._proof_2 [propext]
QUADRATIC8_CACHED_AXIOMS PBCounterexample.Gram6.gramMatrix._proof_3 [propext]
QUADRATIC8_CACHED_AXIOMS PBCounterexample.Gram6.eval_gramPolynomial [propext, Classical.choice, Quot.sound]
QUADRATIC8_CACHED_AXIOMS PBCounterexample.Gram6.gramMatrix_symmetric [propext, Classical.choice, Quot.sound]
QUADRATIC8_CACHED_AXIOMS PBCounterexample.Gram6.aMatrix [propext, Classical.choice, Quot.sound]
QUADRATIC8_CACHED_AXIOMS PBCounterexample.Gram6.gramPolynomial [propext, Classical.choice, Quot.sound]
QUADRATIC8_CACHED_AXIOMS PBCounterexample.Gram6.bPolynomial.eq_1 [propext, Classical.choice, Quot.sound]
QUADRATIC8_CACHED_AXIOMS PBCounterexample.Gram6.determinantPolynomial [propext, Classical.choice, Quot.sound]
QUADRATIC8_CACHED_AXIOMS PBCounterexample.Gram6.aMatrix._proof_1 [propext]
QUADRATIC8_CACHED_AXIOMS PBCounterexample.Gram6.bPolynomial_homogeneous [propext, Classical.choice, Quot.sound]
QUADRATIC8_CACHED_AXIOMS PBCounterexample.Gram6.Index []
QUADRATIC8_CACHED_AXIOMS PBCounterexample.Gram6.aMatrix.eq_1 [propext, Classical.choice, Quot.sound]
QUADRATIC8_CACHED_AXIOMS PBCounterexample.Gram6.gramPolynomial.eq_1 [propext, Classical.choice, Quot.sound]
QUADRATIC8_CACHED_AXIOMS PBCounterexample.Gram6.Row []
QUADRATIC8_CACHED_AXIOMS PBCounterexample.Gram6.curve [propext, Classical.choice, Quot.sound]
QUADRATIC8_CACHED_AXIOMS PBCounterexample.Gram6.curveTangent.eq_1 [propext, Classical.choice, Quot.sound]
QUADRATIC8_CACHED_AXIOMS PBCounterexample.Gram6.rankOneTarget.eq_1 [propext, Classical.choice, Quot.sound]
QUADRATIC8_CACHED_AXIOMS PBCounterexample.Gram6.monomialCoordinates_fromMonomial [propext, Classical.choice, Quot.sound]
QUADRATIC8_CACHED_AXIOMS PBCounterexample.Gram6.fromMonomial._proof_1 [propext]
QUADRATIC8_CACHED_AXIOMS PBCounterexample.Gram6.monomialCoordinates._proof_1 [propext]
QUADRATIC8_CACHED_AXIOMS PBCounterexample.Gram6.monomialCoordinates [propext, Classical.choice, Quot.sound]
QUADRATIC8_CACHED_AXIOMS PBCounterexample.Gram6.curve._proof_1 [propext]
QUADRATIC8_CACHED_AXIOMS PBCounterexample.Gram6.curve.eq_1 [propext, Classical.choice, Quot.sound]
QUADRATIC8_CACHED_AXIOMS PBCounterexample.Gram6.fromMonomial_monomialCoordinates [propext, Classical.choice, Quot.sound]
QUADRATIC8_CACHED_AXIOMS PBCounterexample.Gram6.kernelVector.eq_1 [propext, Classical.choice, Quot.sound]
QUADRATIC8_CACHED_AXIOMS PBCounterexample.Gram6.hasDerivAt_curve [propext, Classical.choice, Quot.sound]
QUADRATIC8_CACHED_AXIOMS PBCounterexample.Gram6.curveTangent._proof_1 [propext]
QUADRATIC8_CACHED_AXIOMS PBCounterexample.Gram6.fromMonomial.eq_1 [propext, Classical.choice, Quot.sound]
QUADRATIC8_CACHED_AXIOMS PBCounterexample.Gram6.fromMonomial [propext, Classical.choice, Quot.sound]
QUADRATIC8_CACHED_AXIOMS PBCounterexample.Gram6.aMatrix_curve_kernel [propext, Classical.choice, Quot.sound]
QUADRATIC8_CACHED_AXIOMS PBCounterexample.Gram6.curveTangent [propext, Classical.choice, Quot.sound]
QUADRATIC8_CACHED_AXIOMS PBCounterexample.Gram6.rankOneTarget [propext, Classical.choice, Quot.sound]
QUADRATIC8_CACHED_AXIOMS PBCounterexample.Gram6.bMatrix_curve_kernel [propext, Classical.choice, Quot.sound]
QUADRATIC8_CACHED_AXIOMS _private.PBCounterexample.Gram6Curve.0.PBCounterexample.Gram6.sixth_entry [propext]
QUADRATIC8_CACHED_AXIOMS PBCounterexample.Gram6.fromMonomial_curve [propext, Classical.choice, Quot.sound]
QUADRATIC8_CACHED_AXIOMS PBCounterexample.Gram6.curveTangent._proof_2 [propext]
QUADRATIC8_CACHED_AXIOMS PBCounterexample.Gram6.curveTangent._proof_3 [propext]
QUADRATIC8_CACHED_AXIOMS PBCounterexample.Gram6.kernelVector [propext, Classical.choice, Quot.sound]
QUADRATIC8_CACHED_AXIOMS PBCounterexample.Gram6.monomialCoordinates.eq_1 [propext, Classical.choice, Quot.sound]
QUADRATIC8_CACHED_AXIOMS PBCounterexample.Gram6.curve._proof_2 [propext]
QUADRATIC8_CACHED_AXIOMS PBCounterexample.Gram6.curve._proof_3 [propext]
QUADRATIC8_CACHED_AXIOMS PBCounterexample.Gram6.monomialCoordinates_curve [propext, Classical.choice, Quot.sound]
QUADRATIC8_CACHED_AXIOMS PBCounterexample.Gram6.gramMatrix_curveTangent [propext, Classical.choice, Quot.sound]
QUADRATIC8_CACHED_AXIOMS PBCounterexample.Gram6.gramMatrix_curve [propext, Classical.choice, Quot.sound]
QUADRATIC8_CACHED_AXIOMS PBCounterexample.Gram6.quadraticAlongMonomial_coeff._simp_1_2 [propext]
QUADRATIC8_CACHED_AXIOMS PBCounterexample.Gram6.quadraticPairs [propext]
QUADRATIC8_CACHED_AXIOMS PBCounterexample.Gram6.eval_quadraticAlongMonomial [propext, Classical.choice, Quot.sound]
QUADRATIC8_CACHED_AXIOMS PBCounterexample.Gram6.quadraticPolynomial_homogeneous [propext, Classical.choice, Quot.sound]
QUADRATIC8_CACHED_AXIOMS PBCounterexample.Gram6.quadraticPolynomial.eq_1 [propext, Classical.choice, Quot.sound]
QUADRATIC8_CACHED_AXIOMS PBCounterexample.Gram6.quadraticAlongTangent.eq_1 [propext, Classical.choice, Quot.sound]
QUADRATIC8_CACHED_AXIOMS PBCounterexample.Gram6.quadraticExponent_injective._proof_1_1 [propext]
QUADRATIC8_CACHED_AXIOMS PBCounterexample.Gram6.quadraticExponent_injective [propext, Classical.choice, Quot.sound]
QUADRATIC8_CACHED_AXIOMS PBCounterexample.Gram6.monomialCurve [propext, Classical.choice, Quot.sound]
QUADRATIC8_CACHED_AXIOMS PBCounterexample.Gram6.quadraticAlongMonomial_coeff [propext, Classical.choice, Quot.sound]
QUADRATIC8_CACHED_AXIOMS PBCounterexample.Gram6.quadraticPairs._proof_1 [propext]
QUADRATIC8_CACHED_AXIOMS PBCounterexample.Gram6.quadraticAlongMonomial.eq_1 [propext, Classical.choice, Quot.sound]
QUADRATIC8_CACHED_AXIOMS PBCounterexample.Gram6.quadraticExponent_injective._simp_1_2 [propext]
QUADRATIC8_CACHED_AXIOMS PBCounterexample.Gram6.quadraticAlongMonomial [propext, Classical.choice, Quot.sound]
QUADRATIC8_CACHED_AXIOMS PBCounterexample.Gram6.monomialCurve.eq_1 [propext, Classical.choice, Quot.sound]
QUADRATIC8_CACHED_AXIOMS PBCounterexample.Gram6.eval_quadraticAlongTangent [propext, Classical.choice, Quot.sound]
QUADRATIC8_CACHED_AXIOMS PBCounterexample.Gram6.quadraticExponent [propext, Classical.choice, Quot.sound]
QUADRATIC8_CACHED_AXIOMS PBCounterexample.Gram6.monomialTangent [propext, Classical.choice, Quot.sound]
QUADRATIC8_CACHED_AXIOMS PBCounterexample.Gram6.quadraticPairs_complete [propext, Quot.sound]
QUADRATIC8_CACHED_AXIOMS PBCounterexample.Gram6.quadraticAlongTangent_coeff [propext, Classical.choice, Quot.sound]
QUADRATIC8_CACHED_AXIOMS PBCounterexample.Gram6.quadraticAlongTangent_coeff._simp_1_2 [propext]
QUADRATIC8_CACHED_AXIOMS PBCounterexample.Gram6.quadraticExponent.eq_1 [propext, Classical.choice, Quot.sound]
QUADRATIC8_CACHED_AXIOMS PBCounterexample.Gram6.homogeneous_two_representation [propext, Classical.choice, Quot.sound]
QUADRATIC8_CACHED_AXIOMS PBCounterexample.Gram6.monomialTangent.eq_1 [propext, Classical.choice, Quot.sound]
QUADRATIC8_CACHED_AXIOMS PBCounterexample.Gram6.quadraticPolynomial [propext, Classical.choice, Quot.sound]
QUADRATIC8_CACHED_AXIOMS PBCounterexample.Gram6.quadraticAlongTangent [propext, Classical.choice, Quot.sound]
QUADRATIC8_CACHED_AXIOMS PBCounterexample.Gram6.tangentQuadratic [propext, Classical.choice, Quot.sound]
QUADRATIC8_CACHED_AXIOMS _private.PBCounterexample.Gram6MonomialKernel.0.PBCounterexample.Gram6.kernel_tangent_coeff_3 [propext,
 Classical.choice,
 Quot.sound]
QUADRATIC8_CACHED_AXIOMS _private.PBCounterexample.Gram6MonomialKernel.0.PBCounterexample.Gram6.kernel_reconstruction [propext,
 Classical.choice,
 Quot.sound]
QUADRATIC8_CACHED_AXIOMS _private.PBCounterexample.Gram6MonomialKernel.0.PBCounterexample.Gram6.kernel_monomial_coeff_6 [propext,
 Classical.choice,
 Quot.sound]
QUADRATIC8_CACHED_AXIOMS _private.PBCounterexample.Gram6MonomialKernel.0.PBCounterexample.Gram6.kernel_monomial_coeff_8 [propext,
 Classical.choice,
 Quot.sound]
QUADRATIC8_CACHED_AXIOMS PBCounterexample.Gram6.tangentQuadratic._proof_2 [propext]
QUADRATIC8_CACHED_AXIOMS PBCounterexample.Gram6.tangentQuadratic._proof_3 [propext]
QUADRATIC8_CACHED_AXIOMS _private.PBCounterexample.Gram6MonomialKernel.0.PBCounterexample.Gram6.kernel_tangent_coeff_5 [propext,
 Classical.choice,
 Quot.sound]
QUADRATIC8_CACHED_AXIOMS _private.PBCounterexample.Gram6MonomialKernel.0.PBCounterexample.Gram6.kernel_tangent_coeff_1 [propext,
 Classical.choice,
 Quot.sound]
QUADRATIC8_CACHED_AXIOMS _private.PBCounterexample.Gram6MonomialKernel.0.PBCounterexample.Gram6.kernel_monomial_coeff_1 [propext,
 Classical.choice,
 Quot.sound]
QUADRATIC8_CACHED_AXIOMS _private.PBCounterexample.Gram6MonomialKernel.0.PBCounterexample.Gram6.kernel_monomial_coeff_5 [propext,
 Classical.choice,
 Quot.sound]
QUADRATIC8_CACHED_AXIOMS _private.PBCounterexample.Gram6MonomialKernel.0.PBCounterexample.Gram6.kernel_tangent_coeff_2 [propext,
 Classical.choice,
 Quot.sound]
QUADRATIC8_CACHED_AXIOMS _private.PBCounterexample.Gram6MonomialKernel.0.PBCounterexample.Gram6.kernel_monomial_coeff_2 [propext,
 Classical.choice,
 Quot.sound]
QUADRATIC8_CACHED_AXIOMS _private.PBCounterexample.Gram6MonomialKernel.0.PBCounterexample.Gram6.kernel_monomial_coeff_3 [propext,
 Classical.choice,
 Quot.sound]
QUADRATIC8_CACHED_AXIOMS _private.PBCounterexample.Gram6MonomialKernel.0.PBCounterexample.Gram6.kernel_solve_weight4 [propext,
 Classical.choice,
 Quot.sound]
QUADRATIC8_CACHED_AXIOMS _private.PBCounterexample.Gram6MonomialKernel.0.PBCounterexample.Gram6.kernel_tangent_coeff_4 [propext,
 Classical.choice,
 Quot.sound]
QUADRATIC8_CACHED_AXIOMS _private.PBCounterexample.Gram6MonomialKernel.0.PBCounterexample.Gram6.kernel_solve_weight7 [propext,
 Classical.choice,
 Quot.sound]
QUADRATIC8_CACHED_AXIOMS _private.PBCounterexample.Gram6MonomialKernel.0.PBCounterexample.Gram6.kernel_sum_fin21 [propext,
 Classical.choice,
 Quot.sound]
QUADRATIC8_CACHED_AXIOMS PBCounterexample.Gram6.homogeneous_quadratic_monomial_kernel [propext,
 Classical.choice,
 Quot.sound]
QUADRATIC8_CACHED_AXIOMS _private.PBCounterexample.Gram6MonomialKernel.0.PBCounterexample.Gram6.kernel_solve_weight6 [propext,
 Classical.choice,
 Quot.sound]
QUADRATIC8_CACHED_AXIOMS _private.PBCounterexample.Gram6MonomialKernel.0.PBCounterexample.Gram6.kernel_tangent_coeff_6 [propext,
 Classical.choice,
 Quot.sound]
QUADRATIC8_CACHED_AXIOMS _private.PBCounterexample.Gram6MonomialKernel.0.PBCounterexample.Gram6.kernel_coefficients [propext,
 Classical.choice,
 Quot.sound]
QUADRATIC8_CACHED_AXIOMS _private.PBCounterexample.Gram6MonomialKernel.0.PBCounterexample.Gram6.kernel_monomial_coeff_9 [propext,
 Classical.choice,
 Quot.sound]
QUADRATIC8_CACHED_AXIOMS PBCounterexample.Gram6.tangentQuadratic._proof_1 [propext]
QUADRATIC8_CACHED_AXIOMS PBCounterexample.Gram6.tangentQuadratic._proof_4 [propext]
QUADRATIC8_CACHED_AXIOMS _private.PBCounterexample.Gram6MonomialKernel.0.PBCounterexample.Gram6.kernel_monomial_coeff_0 [propext,
 Classical.choice,
 Quot.sound]
QUADRATIC8_CACHED_AXIOMS _private.PBCounterexample.Gram6MonomialKernel.0.PBCounterexample.Gram6.kernel_monomial_coeff_7 [propext,
 Classical.choice,
 Quot.sound]
QUADRATIC8_CACHED_AXIOMS _private.PBCounterexample.Gram6MonomialKernel.0.PBCounterexample.Gram6.kernel_solve_weight8 [propext,
 Classical.choice,
 Quot.sound]
QUADRATIC8_CACHED_AXIOMS _private.PBCounterexample.Gram6MonomialKernel.0.PBCounterexample.Gram6.kernel_tangent_coeff_0 [propext,
 Classical.choice,
 Quot.sound]
QUADRATIC8_CACHED_AXIOMS _private.PBCounterexample.Gram6MonomialKernel.0.PBCounterexample.Gram6.kernel_solve_weight5 [propext,
 Classical.choice,
 Quot.sound]
QUADRATIC8_CACHED_AXIOMS PBCounterexample.Gram6.quadraticPolynomial_of_joint_vanishing [propext,
 Classical.choice,
 Quot.sound]
QUADRATIC8_CACHED_AXIOMS _private.PBCounterexample.Gram6MonomialKernel.0.PBCounterexample.Gram6.kernel_monomial_coeff_4 [propext,
 Classical.choice,
 Quot.sound]
QUADRATIC8_CACHED_AXIOMS _private.PBCounterexample.Gram6MonomialKernel.0.PBCounterexample.Gram6.kernel_monomial_coeff_10 [propext,
 Classical.choice,
 Quot.sound]
QUADRATIC8_CACHED_AXIOMS PBCounterexample.LatticeExpr.sup.elim [propext, Classical.choice, Quot.sound]
QUADRATIC8_CACHED_AXIOMS PBCounterexample.LatticeExpr.sup.injEq [propext, Classical.choice, Quot.sound]
QUADRATIC8_CACHED_AXIOMS PBCounterexample.LatticeExpr.eval_leaf [propext, Classical.choice, Quot.sound]
QUADRATIC8_CACHED_AXIOMS PBCounterexample.LatticeExpr.sup.sizeOf_spec [propext, Classical.choice, Quot.sound]
QUADRATIC8_CACHED_AXIOMS PBCounterexample.IsPolynomialLattice [propext, Classical.choice, Quot.sound]
QUADRATIC8_CACHED_AXIOMS PBCounterexample.LatticeExpr.ctorElim [propext, Classical.choice, Quot.sound]
QUADRATIC8_CACHED_AXIOMS PBCounterexample.LatticeExpr.eval_inf [propext, Classical.choice, Quot.sound]
QUADRATIC8_CACHED_AXIOMS PBCounterexample.LatticeExpr.recOn [propext, Classical.choice, Quot.sound]
QUADRATIC8_CACHED_AXIOMS PBCounterexample.LatticeExpr.sup.inj [propext, Classical.choice, Quot.sound]
QUADRATIC8_CACHED_AXIOMS PBCounterexample.LatticeExpr.leaf.elim [propext, Classical.choice, Quot.sound]
QUADRATIC8_CACHED_AXIOMS PBCounterexample.LatticeExpr.leaf.injEq [propext, Classical.choice, Quot.sound]
QUADRATIC8_CACHED_AXIOMS PBCounterexample.LatticeExpr.leaf.sizeOf_spec [propext, Classical.choice, Quot.sound]
QUADRATIC8_CACHED_AXIOMS PBCounterexample.LatticeExpr.eval._f [propext, Classical.choice, Quot.sound]
QUADRATIC8_CACHED_AXIOMS PBCounterexample.LatticeExpr.leaf [propext, Classical.choice, Quot.sound]
QUADRATIC8_CACHED_AXIOMS PBCounterexample.LatticeExpr._sizeOf_1 [propext, Classical.choice, Quot.sound]
QUADRATIC8_CACHED_AXIOMS PBCounterexample.LatticeExpr.leaf.inj [propext, Classical.choice, Quot.sound]
QUADRATIC8_CACHED_AXIOMS PBCounterexample.LatticeExpr.eval._sunfold [propext, Classical.choice, Quot.sound]
QUADRATIC8_CACHED_AXIOMS PBCounterexample.LatticeExpr.leaf.noConfusion [propext, Classical.choice, Quot.sound]
QUADRATIC8_CACHED_AXIOMS PBCounterexample.LatticeExpr.below [propext, Classical.choice, Quot.sound]
QUADRATIC8_CACHED_AXIOMS PBCounterexample.LatticeExpr.brecOn [propext, Classical.choice, Quot.sound]
QUADRATIC8_CACHED_AXIOMS PBCounterexample.LatticeExpr.eval [propext, Classical.choice, Quot.sound]
QUADRATIC8_CACHED_AXIOMS PBCounterexample.LatticeExpr.noConfusion [propext, Classical.choice, Quot.sound]
QUADRATIC8_CACHED_AXIOMS PBCounterexample.LatticeExpr.casesOn [propext, Classical.choice, Quot.sound]
QUADRATIC8_CACHED_AXIOMS PBCounterexample.LatticeExpr.brecOn.eq [propext, Classical.choice, Quot.sound]
QUADRATIC8_CACHED_AXIOMS PBCounterexample.LatticeExpr.sup.noConfusion [propext, Classical.choice, Quot.sound]
QUADRATIC8_CACHED_AXIOMS PBCounterexample.LatticeExpr.ctorIdx [propext, Classical.choice, Quot.sound]
QUADRATIC8_CACHED_AXIOMS PBCounterexample.LatticeExpr._sizeOf_inst [propext, Classical.choice, Quot.sound]
QUADRATIC8_CACHED_AXIOMS PBCounterexample.LatticeExpr.eval_sup [propext, Classical.choice, Quot.sound]
QUADRATIC8_CACHED_AXIOMS PBCounterexample.LatticeExpr [propext, Classical.choice, Quot.sound]
QUADRATIC8_CACHED_AXIOMS PBCounterexample.LatticeExpr.noConfusionType [propext, Classical.choice, Quot.sound]
QUADRATIC8_CACHED_AXIOMS PBCounterexample.LatticeExpr.inf.elim [propext, Classical.choice, Quot.sound]
QUADRATIC8_CACHED_AXIOMS PBCounterexample.LatticeExpr.inf.injEq [propext, Classical.choice, Quot.sound]
QUADRATIC8_CACHED_AXIOMS PBCounterexample.LatticeExpr.inf.sizeOf_spec [propext, Classical.choice, Quot.sound]
QUADRATIC8_CACHED_AXIOMS PBCounterexample.LatticeExpr.eval.match_1 [propext, Classical.choice, Quot.sound]
QUADRATIC8_CACHED_AXIOMS PBCounterexample.LatticeExpr.inf []
QUADRATIC8_CACHED_AXIOMS PBCounterexample.LatticeExpr.ctorElimType [propext, Classical.choice, Quot.sound]
QUADRATIC8_CACHED_AXIOMS PBCounterexample.LatticeExpr.brecOn.go [propext, Classical.choice, Quot.sound]
QUADRATIC8_CACHED_AXIOMS PBCounterexample.LatticeExpr.inf.inj [propext, Classical.choice, Quot.sound]
QUADRATIC8_CACHED_AXIOMS PBCounterexample.LatticeExpr.sup []
QUADRATIC8_CACHED_AXIOMS PBCounterexample.LatticeExpr.rec [propext, Classical.choice, Quot.sound]
QUADRATIC8_CACHED_AXIOMS PBCounterexample.LatticeExpr.inf.noConfusion [propext, Classical.choice, Quot.sound]
QUADRATIC8_CACHED_AXIOMS PBCounterexample.LatticeExpr.eval_substitute [propext, Classical.choice, Quot.sound]
QUADRATIC8_CACHED_AXIOMS PBCounterexample.eval_polynomial_substitution [propext, Classical.choice, Quot.sound]
QUADRATIC8_CACHED_AXIOMS PBCounterexample.LatticeExpr.substitute.eq_1 [propext, Classical.choice, Quot.sound]
QUADRATIC8_CACHED_AXIOMS _private.PBCounterexample.PolynomialSubstitution.0.PBCounterexample.LatticeExpr.eval.match_1.eq_1 [propext,
 Classical.choice,
 Quot.sound]
QUADRATIC8_CACHED_AXIOMS PBCounterexample.LatticeExpr.substitute.eq_def [propext, Classical.choice, Quot.sound]
QUADRATIC8_CACHED_AXIOMS _private.PBCounterexample.PolynomialSubstitution.0.PBCounterexample.LatticeExpr.eval.match_1.eq_2 [propext,
 Classical.choice,
 Quot.sound]
QUADRATIC8_CACHED_AXIOMS PBCounterexample.FiniteClosedPolynomialCover.precomp_polynomials._proof_3 [propext,
 Classical.choice,
 Quot.sound]
QUADRATIC8_CACHED_AXIOMS PBCounterexample.FiniteClosedPolynomialCover.precomp_polynomials._proof_2 [propext,
 Classical.choice,
 Quot.sound]
QUADRATIC8_CACHED_AXIOMS PBCounterexample.LatticeExpr.substitute.eq_2 [propext, Classical.choice, Quot.sound]
QUADRATIC8_CACHED_AXIOMS _private.PBCounterexample.PolynomialSubstitution.0.PBCounterexample.LatticeExpr.eval.match_1.eq_3 [propext,
 Classical.choice,
 Quot.sound]
QUADRATIC8_CACHED_AXIOMS PBCounterexample.LatticeExpr.substitute.eq_3 [propext, Classical.choice, Quot.sound]
QUADRATIC8_CACHED_AXIOMS PBCounterexample.IsSemialgebraic.preimage_polynomials [propext, Classical.choice, Quot.sound]
QUADRATIC8_CACHED_AXIOMS PBCounterexample.homogeneous_polynomial_substitution [propext, Classical.choice, Quot.sound]
QUADRATIC8_CACHED_AXIOMS PBCounterexample.LatticeExpr.eval.eq_2 [propext, Classical.choice, Quot.sound]
QUADRATIC8_CACHED_AXIOMS PBCounterexample.LatticeExpr.substitute._sunfold [propext, Classical.choice, Quot.sound]
QUADRATIC8_CACHED_AXIOMS PBCounterexample.LatticeExpr.substitute [propext, Classical.choice, Quot.sound]
QUADRATIC8_CACHED_AXIOMS _private.PBCounterexample.PolynomialSubstitution.0.PBCounterexample.LatticeExpr.substitute.match_1.eq_1 [propext,
 Classical.choice,
 Quot.sound]
QUADRATIC8_CACHED_AXIOMS _private.PBCounterexample.PolynomialSubstitution.0.PBCounterexample.LatticeExpr.substitute.match_1.splitter [propext,
 Classical.choice,
 Quot.sound]
QUADRATIC8_CACHED_AXIOMS PBCounterexample.LatticeExpr.substitute.match_1 [propext, Classical.choice, Quot.sound]
QUADRATIC8_CACHED_AXIOMS _private.PBCounterexample.PolynomialSubstitution.0.PBCounterexample.LatticeExpr.substitute.match_1.eq_2 [propext,
 Classical.choice,
 Quot.sound]
QUADRATIC8_CACHED_AXIOMS _private.PBCounterexample.PolynomialSubstitution.0.PBCounterexample.LatticeExpr.substitute.match_1.eq_3 [propext,
 Classical.choice,
 Quot.sound]
QUADRATIC8_CACHED_AXIOMS PBCounterexample.FiniteClosedPolynomialCover.precomp_polynomials._proof_1 [propext,
 Classical.choice,
 Quot.sound]
QUADRATIC8_CACHED_AXIOMS PBCounterexample.FiniteClosedPolynomialCover.precomp_polynomials._proof_4 [propext,
 Classical.choice,
 Quot.sound]
QUADRATIC8_CACHED_AXIOMS PBCounterexample.LatticeExpr.eval.eq_1 [propext, Classical.choice, Quot.sound]
QUADRATIC8_CACHED_AXIOMS PBCounterexample.LatticeExpr.substitute._f [propext, Classical.choice, Quot.sound]
QUADRATIC8_CACHED_AXIOMS PBCounterexample.IsPolynomialLattice.precomp_polynomials [propext,
 Classical.choice,
 Quot.sound]
QUADRATIC8_CACHED_AXIOMS _private.PBCounterexample.PolynomialSubstitution.0.PBCounterexample.LatticeExpr.eval.match_1.splitter [propext,
 Classical.choice,
 Quot.sound]
QUADRATIC8_CACHED_AXIOMS PBCounterexample.LatticeExpr.eval.eq_3 [propext, Classical.choice, Quot.sound]
QUADRATIC8_CACHED_AXIOMS PBCounterexample.LatticeExpr.eval.eq_def [propext, Classical.choice, Quot.sound]
QUADRATIC8_CACHED_AXIOMS PBCounterexample.FiniteClosedPolynomialCover.precomp_polynomials [propext,
 Classical.choice,
 Quot.sound]
QUADRATIC8_CACHED_AXIOMS PBCounterexample.Gram6.fromMonomialPolynomial.eq_1 [propext, Classical.choice, Quot.sound]
QUADRATIC8_CACHED_AXIOMS PBCounterexample.Gram6.pullFromMonomial_injective [propext, Classical.choice, Quot.sound]
QUADRATIC8_CACHED_AXIOMS _private.PBCounterexample.Gram6Kernel.0.PBCounterexample.Gram6.linear_monomial_coeff [propext,
 Classical.choice,
 Quot.sound]
QUADRATIC8_CACHED_AXIOMS PBCounterexample.Gram6.monomialCoordinatesPolynomial [propext, Classical.choice, Quot.sound]
QUADRATIC8_CACHED_AXIOMS PBCounterexample.Gram6.fromMonomial_monomialTangent [propext, Classical.choice, Quot.sound]
QUADRATIC8_CACHED_AXIOMS PBCounterexample.Gram6.pullToMonomial_homogeneous [propext, Classical.choice, Quot.sound]
QUADRATIC8_CACHED_AXIOMS _private.PBCounterexample.Gram6Kernel.0.PBCounterexample.Gram6.gram12_add22_joint_vanishing [propext,
 Classical.choice,
 Quot.sound]
QUADRATIC8_CACHED_AXIOMS PBCounterexample.Gram6.pullToMonomial_C [propext, Classical.choice, Quot.sound]
QUADRATIC8_CACHED_AXIOMS _private.PBCounterexample.Gram6Kernel.0.PBCounterexample.Gram6.gram01_joint_vanishing [propext,
 Classical.choice,
 Quot.sound]
QUADRATIC8_CACHED_AXIOMS PBCounterexample.Gram6.homogeneous_quadratic_original_kernel [propext,
 Classical.choice,
 Quot.sound]
QUADRATIC8_CACHED_AXIOMS PBCounterexample.Gram6.homogeneous_quadratic_original_kernel_iff [propext,
 Classical.choice,
 Quot.sound]
QUADRATIC8_CACHED_AXIOMS PBCounterexample.Gram6.pullFromMonomial_C [propext, Classical.choice, Quot.sound]
QUADRATIC8_CACHED_AXIOMS PBCounterexample.Gram6.pullToMonomial_gramPolynomial01 [propext, Classical.choice, Quot.sound]
QUADRATIC8_CACHED_AXIOMS PBCounterexample.Gram6.monomialCoordinatesPolynomial_homogeneous [propext,
 Classical.choice,
 Quot.sound]
QUADRATIC8_CACHED_AXIOMS PBCounterexample.Gram6.polynomialCoordinateEquiv [propext, Classical.choice, Quot.sound]
QUADRATIC8_CACHED_AXIOMS PBCounterexample.Gram6.pullToMonomial_gramPolynomial00 [propext, Classical.choice, Quot.sound]
QUADRATIC8_CACHED_AXIOMS PBCounterexample.Gram6.eval_pullToMonomial [propext, Classical.choice, Quot.sound]
QUADRATIC8_CACHED_AXIOMS PBCounterexample.Gram6.monomialCoordinatesPolynomial._proof_2 [propext]
QUADRATIC8_CACHED_AXIOMS PBCounterexample.Gram6.homogeneous_linear_monomial_kernel [propext,
 Classical.choice,
 Quot.sound]
QUADRATIC8_CACHED_AXIOMS PBCounterexample.Gram6.fromMonomialPolynomial._proof_2 [propext]
QUADRATIC8_CACHED_AXIOMS PBCounterexample.Gram6.fromMonomialPolynomial._proof_3 [propext]
QUADRATIC8_CACHED_AXIOMS PBCounterexample.Gram6.pullToMonomial_pullFromMonomial [propext, Classical.choice, Quot.sound]
QUADRATIC8_CACHED_AXIOMS PBCounterexample.Gram6.pullToMonomial.eq_1 [propext, Classical.choice, Quot.sound]
QUADRATIC8_CACHED_AXIOMS PBCounterexample.Gram6.fromMonomial_monomialCurve [propext, Classical.choice, Quot.sound]
QUADRATIC8_CACHED_AXIOMS PBCounterexample.Gram6.fromMonomialPolynomial [propext, Classical.choice, Quot.sound]
QUADRATIC8_CACHED_AXIOMS PBCounterexample.Gram6.pullFromMonomial_homogeneous [propext, Classical.choice, Quot.sound]
QUADRATIC8_CACHED_AXIOMS PBCounterexample.Gram6.eval_fromMonomialPolynomial [propext, Classical.choice, Quot.sound]
QUADRATIC8_CACHED_AXIOMS PBCounterexample.Gram6.pullToMonomial_injective [propext, Classical.choice, Quot.sound]
QUADRATIC8_CACHED_AXIOMS PBCounterexample.Gram6.pullFromMonomial_pullToMonomial [propext, Classical.choice, Quot.sound]
QUADRATIC8_CACHED_AXIOMS PBCounterexample.Gram6.monomialCoordinatesPolynomial._proof_1 [propext]
QUADRATIC8_CACHED_AXIOMS PBCounterexample.Gram6.pullToMonomial [propext, Classical.choice, Quot.sound]
QUADRATIC8_CACHED_AXIOMS PBCounterexample.Gram6.exists_curve_eval_ne_zero_of_homogeneous_one [propext,
 Classical.choice,
 Quot.sound]
QUADRATIC8_CACHED_AXIOMS PBCounterexample.Gram6.monomialCoordinatesPolynomial.eq_1 [propext,
 Classical.choice,
 Quot.sound]
QUADRATIC8_CACHED_AXIOMS PBCounterexample.Gram6.homogeneous_linear_original_kernel [propext,
 Classical.choice,
 Quot.sound]
QUADRATIC8_CACHED_AXIOMS PBCounterexample.Gram6.fromMonomialPolynomial_homogeneous [propext,
 Classical.choice,
 Quot.sound]
QUADRATIC8_CACHED_AXIOMS PBCounterexample.Gram6.tangentQuadratic.eq_1 [propext, Classical.choice, Quot.sound]
QUADRATIC8_CACHED_AXIOMS PBCounterexample.Gram6.pullFromMonomial [propext, Classical.choice, Quot.sound]
QUADRATIC8_CACHED_AXIOMS _private.PBCounterexample.Gram6Kernel.0.PBCounterexample.Gram6.gram00_joint_vanishing [propext,
 Classical.choice,
 Quot.sound]
QUADRATIC8_CACHED_AXIOMS PBCounterexample.Gram6.fromMonomialPolynomial._proof_1 [propext]
QUADRATIC8_CACHED_AXIOMS PBCounterexample.Gram6.fromMonomialPolynomial._proof_4 [propext]
QUADRATIC8_CACHED_AXIOMS _private.PBCounterexample.Gram6Kernel.0.PBCounterexample.Gram6.linear_monomial_coeff._simp_1_1 [propext]
QUADRATIC8_CACHED_AXIOMS PBCounterexample.Gram6.eval_pullFromMonomial [propext, Classical.choice, Quot.sound]
QUADRATIC8_CACHED_AXIOMS PBCounterexample.Gram6.eval_monomialCoordinatesPolynomial [propext,
 Classical.choice,
 Quot.sound]
QUADRATIC8_CACHED_AXIOMS PBCounterexample.Gram6.polynomialCoordinateEquiv._proof_1 [propext,
 Classical.choice,
 Quot.sound]
QUADRATIC8_CACHED_AXIOMS PBCounterexample.Gram6.polynomialCoordinateEquiv._proof_2 [propext,
 Classical.choice,
 Quot.sound]
QUADRATIC8_CACHED_AXIOMS _private.PBCounterexample.Gram6Kernel.0.PBCounterexample.Gram6.kernel_sixth_entry [propext]
QUADRATIC8_CACHED_AXIOMS PBCounterexample.Gram6.pullFromMonomial.eq_1 [propext, Classical.choice, Quot.sound]
QUADRATIC8_CACHED_AXIOMS PBCounterexample.Gram6.pullToMonomial_gramPolynomial12_add22 [propext,
 Classical.choice,
 Quot.sound]
QUADRATIC8_CACHED_AXIOMS PBCounterexample.Gram6.aMatrix_smul [propext, Classical.choice, Quot.sound]
QUADRATIC8_CACHED_AXIOMS PBCounterexample.Gram6.gramPolar_comm [propext, Classical.choice, Quot.sound]
QUADRATIC8_CACHED_AXIOMS PBCounterexample.Gram6.gramPolar_add_right [propext, Classical.choice, Quot.sound]
QUADRATIC8_CACHED_AXIOMS PBCounterexample.Gram6.gramPolar_entry02 [propext, Classical.choice, Quot.sound]
QUADRATIC8_CACHED_AXIOMS PBCounterexample.Gram6.gramMatrix_smul [propext, Classical.choice, Quot.sound]
QUADRATIC8_CACHED_AXIOMS PBCounterexample.Gram6.gramPolar_smul_left [propext, Classical.choice, Quot.sound]
QUADRATIC8_CACHED_AXIOMS PBCounterexample.Gram6.bMatrix_add [propext, Classical.choice, Quot.sound]
QUADRATIC8_CACHED_AXIOMS PBCounterexample.Gram6.gramPolar_relation [propext, Classical.choice, Quot.sound]
QUADRATIC8_CACHED_AXIOMS PBCounterexample.Gram6.gramPolar._proof_2 [propext]
QUADRATIC8_CACHED_AXIOMS PBCounterexample.Gram6.gramPolar._proof_3 [propext]
QUADRATIC8_CACHED_AXIOMS PBCounterexample.Gram6.gramPolar [propext, Classical.choice, Quot.sound]
QUADRATIC8_CACHED_AXIOMS PBCounterexample.Gram6.gramMatrix_add_smul [propext, Classical.choice, Quot.sound]
QUADRATIC8_CACHED_AXIOMS PBCounterexample.Gram6.gramPolar._proof_1 [propext]
QUADRATIC8_CACHED_AXIOMS PBCounterexample.Gram6.gramPolar.eq_1 [propext, Classical.choice, Quot.sound]
QUADRATIC8_CACHED_AXIOMS PBCounterexample.Gram6.gramPolar_self [propext, Classical.choice, Quot.sound]
QUADRATIC8_CACHED_AXIOMS PBCounterexample.Gram6.gramPolar_symmetric [propext, Classical.choice, Quot.sound]
QUADRATIC8_CACHED_AXIOMS PBCounterexample.Gram6.aMatrix_add [propext, Classical.choice, Quot.sound]
QUADRATIC8_CACHED_AXIOMS PBCounterexample.Gram6.bMatrix_smul [propext, Classical.choice, Quot.sound]
QUADRATIC8_CACHED_AXIOMS PBCounterexample.Gram6.gramPolar_smul_right [propext, Classical.choice, Quot.sound]
QUADRATIC8_CACHED_AXIOMS PBCounterexample.Gram6.gramMatrix_add [propext, Classical.choice, Quot.sound]
QUADRATIC8_CACHED_AXIOMS PBCounterexample.Gram6.kernelDirection0.eq_1 [propext, Classical.choice, Quot.sound]
QUADRATIC8_CACHED_AXIOMS PBCounterexample.Gram6.interiorScale.eq_1 [propext, Classical.choice, Quot.sound]
QUADRATIC8_CACHED_AXIOMS PBCounterexample.Gram6.curveAcceleration._proof_4 [propext]
QUADRATIC8_CACHED_AXIOMS PBCounterexample.Gram6.curveAcceleration._proof_1 [propext]
QUADRATIC8_CACHED_AXIOMS PBCounterexample.Gram6.gramFunctional_normal_add_kernel [propext, Classical.choice, Quot.sound]
QUADRATIC8_CACHED_AXIOMS PBCounterexample.Gram6.interiorTarget [propext, Classical.choice, Quot.sound]
QUADRATIC8_CACHED_AXIOMS PBCounterexample.Gram6.curveThird.eq_1 [propext, Classical.choice, Quot.sound]
QUADRATIC8_CACHED_AXIOMS _private.PBCounterexample.Gram6Variations.0.PBCounterexample.Gram6.sixth_entry [propext]
QUADRATIC8_CACHED_AXIOMS PBCounterexample.Gram6.curveThird._proof_1 [propext]
QUADRATIC8_CACHED_AXIOMS PBCounterexample.Gram6.curveThird [propext, Classical.choice, Quot.sound]
QUADRATIC8_CACHED_AXIOMS PBCounterexample.Gram6.gramFunctional_smul [propext, Classical.choice, Quot.sound]
QUADRATIC8_CACHED_AXIOMS PBCounterexample.Gram6.gramFunctional_gramPolar_base [propext, Classical.choice, Quot.sound]
QUADRATIC8_CACHED_AXIOMS PBCounterexample.Gram6.gramPolar_base_kernelDirection [propext, Classical.choice, Quot.sound]
QUADRATIC8_CACHED_AXIOMS PBCounterexample.Gram6.normalDirection [propext, Classical.choice, Quot.sound]
QUADRATIC8_CACHED_AXIOMS PBCounterexample.Gram6.kernelDirection [propext, Classical.choice, Quot.sound]
QUADRATIC8_CACHED_AXIOMS PBCounterexample.Gram6.kernelDirection0._proof_1 [propext]
QUADRATIC8_CACHED_AXIOMS PBCounterexample.Gram6.gramPolar_base_kernelDirection0 [propext, Classical.choice, Quot.sound]
QUADRATIC8_CACHED_AXIOMS PBCounterexample.Gram6.gramFunctional_acceleration_kernelDirection0 [propext,
 Classical.choice,
 Quot.sound]
QUADRATIC8_CACHED_AXIOMS PBCounterexample.Gram6.interiorScale [propext, Classical.choice, Quot.sound]
QUADRATIC8_CACHED_AXIOMS PBCounterexample.Gram6.interiorScale._proof_1 [propext]
QUADRATIC8_CACHED_AXIOMS PBCounterexample.Gram6.gramFunctional_add [propext, Classical.choice, Quot.sound]
QUADRATIC8_CACHED_AXIOMS PBCounterexample.Gram6.curveAcceleration.eq_1 [propext, Classical.choice, Quot.sound]
QUADRATIC8_CACHED_AXIOMS PBCounterexample.Gram6.gramFunctional_normal_kernelDirection [propext,
 Classical.choice,
 Quot.sound]
QUADRATIC8_CACHED_AXIOMS PBCounterexample.Gram6.gramCoordinates [propext, Classical.choice, Quot.sound]
QUADRATIC8_CACHED_AXIOMS PBCounterexample.Gram6.kernelDirection._proof_1 [propext]
QUADRATIC8_CACHED_AXIOMS PBCounterexample.Gram6.normalDirection._proof_1 [propext]
QUADRATIC8_CACHED_AXIOMS PBCounterexample.Gram6.normalDirection.eq_1 [propext, Classical.choice, Quot.sound]
QUADRATIC8_CACHED_AXIOMS PBCounterexample.Gram6.kernelDirection.eq_1 [propext, Classical.choice, Quot.sound]
QUADRATIC8_CACHED_AXIOMS PBCounterexample.Gram6.curveAcceleration [propext, Classical.choice, Quot.sound]
QUADRATIC8_CACHED_AXIOMS PBCounterexample.Gram6.gramFunctional_gramMatrix_normal [propext, Classical.choice, Quot.sound]
QUADRATIC8_CACHED_AXIOMS PBCounterexample.Gram6.kernelDirection0 [propext, Classical.choice, Quot.sound]
QUADRATIC8_CACHED_AXIOMS PBCounterexample.Gram6.gramFunctional_acceleration_third [propext,
 Classical.choice,
 Quot.sound]
QUADRATIC8_CACHED_AXIOMS PBCounterexample.Gram6.gramFunctional_gramMatrix_third [propext, Classical.choice, Quot.sound]
QUADRATIC8_CACHED_AXIOMS PBCounterexample.Gram6.curveAcceleration._proof_2 [propext]
QUADRATIC8_CACHED_AXIOMS PBCounterexample.Gram6.curveAcceleration._proof_3 [propext]
QUADRATIC8_CACHED_AXIOMS PBCounterexample.Gram6.tangentScale.eq_1 [propext, Classical.choice, Quot.sound]
QUADRATIC8_CACHED_AXIOMS PBCounterexample.Gram6.gramFunctional_gramMatrix_kernelDirection [propext,
 Classical.choice,
 Quot.sound]
QUADRATIC8_CACHED_AXIOMS PBCounterexample.Gram6.gramFunctional_sub [propext, Classical.choice, Quot.sound]
QUADRATIC8_CACHED_AXIOMS PBCounterexample.Gram6.gramFunctional_gramMatrix_kernelDirection0 [propext,
 Classical.choice,
 Quot.sound]
QUADRATIC8_CACHED_AXIOMS PBCounterexample.Gram6.tangentScale [propext, Classical.choice, Quot.sound]
QUADRATIC8_CACHED_AXIOMS PBCounterexample.Gram6.gramPolar_base_normal [propext, Classical.choice, Quot.sound]
QUADRATIC8_CACHED_AXIOMS PBCounterexample.Gram6.gramFunctional_gramMatrix_acceleration [propext,
 Classical.choice,
 Quot.sound]
QUADRATIC8_CACHED_AXIOMS PBCounterexample.Gram6.gramFunctional [propext, Classical.choice, Quot.sound]
QUADRATIC8_CACHED_AXIOMS PBCounterexample.Gram6.interiorScale_pos [propext, Classical.choice, Quot.sound]
QUADRATIC8_CACHED_AXIOMS PBCounterexample.Gram6.interiorTarget.eq_1 [propext, Classical.choice, Quot.sound]
QUADRATIC8_CACHED_AXIOMS PBCounterexample.Gram6.tangentScale_pos [propext, Classical.choice, Quot.sound]
QUADRATIC8_CACHED_AXIOMS PBCounterexample.Gram6.gramPolar_curve_acceleration [propext, Classical.choice, Quot.sound]
QUADRATIC8_CACHED_AXIOMS PBCounterexample.Gram6.gramPolar_curve_third [propext, Classical.choice, Quot.sound]
QUADRATIC8_CACHED_AXIOMS PBCounterexample.Gram6.gramFunctional_rankOneTarget [propext, Classical.choice, Quot.sound]
QUADRATIC8_CACHED_AXIOMS PBCounterexample.Gram6.gramPolar_sub_right [propext, Classical.choice, Quot.sound]
QUADRATIC8_CACHED_AXIOMS PBCounterexample.Gram6.curveThird._proof_2 [propext]
QUADRATIC8_CACHED_AXIOMS PBCounterexample.Gram6.gramFunctional._proof_1 [propext]
QUADRATIC8_CACHED_AXIOMS PBCounterexample.Gram6.gramFunctional_interiorTarget [propext, Classical.choice, Quot.sound]
QUADRATIC8_CACHED_AXIOMS PBCounterexample.Gram6.gramFunctional.eq_1 [propext, Classical.choice, Quot.sound]
QUADRATIC8_CACHED_AXIOMS PBCounterexample.LatticeExpr.map_evalWith [propext, Classical.choice, Quot.sound]
QUADRATIC8_CACHED_AXIOMS _private.PBCounterexample.Radial.0.PBCounterexample.LatticeExpr.eval.match_1.splitter [propext,
 Classical.choice,
 Quot.sound]
QUADRATIC8_CACHED_AXIOMS PBCounterexample.LatticeExpr.evalWith_eval [propext, Classical.choice, Quot.sound]
QUADRATIC8_CACHED_AXIOMS PBCounterexample.LatticeExpr.tendsto_evalWith [propext, Classical.choice, Quot.sound]
QUADRATIC8_CACHED_AXIOMS PBCounterexample.LatticeExpr.evalWith.eq_def [propext, Classical.choice, Quot.sound]
QUADRATIC8_CACHED_AXIOMS PBCounterexample.LatticeExpr.evalWith._sunfold [propext, Classical.choice, Quot.sound]
QUADRATIC8_CACHED_AXIOMS PBCounterexample.LatticeExpr.evalWith [propext, Classical.choice, Quot.sound]
QUADRATIC8_CACHED_AXIOMS _private.PBCounterexample.Radial.0.PBCounterexample.LatticeExpr.evalWith.match_1.eq_3 [propext,
 Classical.choice,
 Quot.sound]
QUADRATIC8_CACHED_AXIOMS PBCounterexample.LatticeExpr.evalWith.eq_3 [propext, Classical.choice, Quot.sound]
QUADRATIC8_CACHED_AXIOMS PBCounterexample.LatticeExpr.leaves._f [propext, Classical.choice, Quot.sound]
QUADRATIC8_CACHED_AXIOMS _private.PBCounterexample.Radial.0.PBCounterexample.LatticeExpr.eval.match_1.eq_2 [propext,
 Classical.choice,
 Quot.sound]
QUADRATIC8_CACHED_AXIOMS PBCounterexample.LatticeExpr.clipped_homogeneous_eval [propext, Classical.choice, Quot.sound]
QUADRATIC8_CACHED_AXIOMS PBCounterexample.LatticeExpr.clipped_homogeneous_eval._simp_1_6 [propext,
 Classical.choice,
 Quot.sound]
QUADRATIC8_CACHED_AXIOMS _private.PBCounterexample.Radial.0.PBCounterexample.LatticeExpr.evalWith.match_1.eq_2 [propext,
 Classical.choice,
 Quot.sound]
QUADRATIC8_CACHED_AXIOMS PBCounterexample.LatticeExpr.clipped_homogeneous_eval._simp_1_4 [propext]
QUADRATIC8_CACHED_AXIOMS PBCounterexample.LatticeExpr.clipped_homogeneous_eval._simp_1_7 [propext]
QUADRATIC8_CACHED_AXIOMS PBCounterexample.LatticeExpr.evalWith.eq_2 [propext, Classical.choice, Quot.sound]
QUADRATIC8_CACHED_AXIOMS PBCounterexample.LatticeExpr.clipped_homogeneous_eval._simp_1_2 [propext]
QUADRATIC8_CACHED_AXIOMS _private.PBCounterexample.Radial.0.PBCounterexample.LatticeExpr.evalWith.match_1.splitter [propext,
 Classical.choice,
 Quot.sound]
QUADRATIC8_CACHED_AXIOMS _private.PBCounterexample.Radial.0.PBCounterexample.LatticeExpr.evalWith.match_1.eq_1 [propext,
 Classical.choice,
 Quot.sound]
QUADRATIC8_CACHED_AXIOMS PBCounterexample.LatticeExpr.evalWith.eq_1 [propext, Classical.choice, Quot.sound]
QUADRATIC8_CACHED_AXIOMS PBCounterexample.homogeneous_lattice_finite_sign_condition [propext,
 Classical.choice,
 Quot.sound]
QUADRATIC8_CACHED_AXIOMS PBCounterexample.LatticeExpr.sign_eq_of_lowDegreeTests [propext, Classical.choice, Quot.sound]
QUADRATIC8_CACHED_AXIOMS PBCounterexample.LatticeExpr.leaves._sunfold [propext, Classical.choice, Quot.sound]
QUADRATIC8_CACHED_AXIOMS PBCounterexample.LatticeExpr.leaves [propext, Classical.choice, Quot.sound]
QUADRATIC8_CACHED_AXIOMS PBCounterexample.LatticeExpr.lowDegreeTests_degree._proof_1_1 [propext, Quot.sound]
QUADRATIC8_CACHED_AXIOMS PBCounterexample.LatticeExpr.lowDegreeTests_degree [propext, Classical.choice, Quot.sound]
QUADRATIC8_CACHED_AXIOMS PBCounterexample.LatticeExpr.evalWith.match_1 [propext, Classical.choice, Quot.sound]
QUADRATIC8_CACHED_AXIOMS PBCounterexample.LatticeExpr.clipped_homogeneous_eval._simp_1_1 [propext]
QUADRATIC8_CACHED_AXIOMS PBCounterexample.LatticeExpr.evalWith._f [propext, Classical.choice, Quot.sound]
QUADRATIC8_CACHED_AXIOMS _private.PBCounterexample.Radial.0.PBCounterexample.LatticeExpr.eval.match_1.eq_1 [propext,
 Classical.choice,
 Quot.sound]
QUADRATIC8_CACHED_AXIOMS PBCounterexample.LatticeExpr.evalWith_congr [propext, Classical.choice, Quot.sound]
QUADRATIC8_CACHED_AXIOMS PBCounterexample.LatticeExpr.lowDegreeTests [propext, Classical.choice, Quot.sound]
QUADRATIC8_CACHED_AXIOMS PBCounterexample.LatticeExpr.clipped_homogeneous_eval._simp_1_5 [propext]
QUADRATIC8_CACHED_AXIOMS PBCounterexample.LatticeExpr.clipped_homogeneous_eval._simp_1_3 [propext]
QUADRATIC8_CACHED_AXIOMS PBCounterexample.LatticeExpr.normalized_clip [propext, Classical.choice, Quot.sound]
QUADRATIC8_CACHED_AXIOMS _private.PBCounterexample.Radial.0.PBCounterexample.LatticeExpr.eval.match_1.eq_3 [propext,
 Classical.choice,
 Quot.sound]
QUADRATIC8_CACHED_AXIOMS PBCounterexample.homogeneous_lattice_finite_homogeneous_sign_condition [propext,
 Classical.choice,
 Quot.sound]
QUADRATIC8_CACHED_AXIOMS PBCounterexample.LatticeExpr.lowDegreeTests_homogeneous [propext, Classical.choice, Quot.sound]
QUADRATIC8_CACHED_AXIOMS _private.PBCounterexample.Gram6FiniteParameters.0.PBCounterexample.Gram6.homogeneous_two_eq_canonical [propext,
 Classical.choice,
 Quot.sound]
QUADRATIC8_CACHED_AXIOMS _private.PBCounterexample.Gram6FiniteParameters.0.PBCounterexample.Gram6.hasDerivAt_quadraticPolynomial [propext,
 Classical.choice,
 Quot.sound]
QUADRATIC8_CACHED_AXIOMS PBCounterexample.Gram6.exists_finite_normal_parameters [propext, Classical.choice, Quot.sound]
QUADRATIC8_CACHED_AXIOMS _private.PBCounterexample.Gram6FiniteParameters.0.PBCounterexample.Gram6.quadraticPolarCoefficients.eq_1 [propext,
 Classical.choice,
 Quot.sound]
QUADRATIC8_CACHED_AXIOMS PBCounterexample.Gram6.eval_add_smul_of_homogeneous_two._simp_1_3 [propext, Quot.sound]
QUADRATIC8_CACHED_AXIOMS PBCounterexample.Gram6.hasDerivAt_quadraticVariation [propext, Classical.choice, Quot.sound]
QUADRATIC8_CACHED_AXIOMS PBCounterexample.Gram6.quadraticVariation_smul_left [propext, Classical.choice, Quot.sound]
QUADRATIC8_CACHED_AXIOMS _private.PBCounterexample.Gram6FiniteParameters.0.PBCounterexample.Gram6.exists_positive_finite_variation_bound [propext,
 Classical.choice,
 Quot.sound]
QUADRATIC8_CACHED_AXIOMS PBCounterexample.Gram6.hasDerivAt_curveTangent_acceleration [propext,
 Classical.choice,
 Quot.sound]
QUADRATIC8_CACHED_AXIOMS PBCounterexample.Gram6.quadraticVariation_base_normal._simp_1_5 [propext]
QUADRATIC8_CACHED_AXIOMS PBCounterexample.Gram6.exists_finite_curve_parameter [propext, Classical.choice, Quot.sound]
QUADRATIC8_CACHED_AXIOMS PBCounterexample.Gram6.exists_finite_homogeneous_parameters [propext,
 Classical.choice,
 Quot.sound]
QUADRATIC8_CACHED_AXIOMS _private.PBCounterexample.Gram6FiniteParameters.0.PBCounterexample.Gram6.eval_homogeneous_two [propext,
 Classical.choice,
 Quot.sound]
QUADRATIC8_CACHED_AXIOMS PBCounterexample.Gram6.quadraticVariation_base_normal._simp_1_3 [propext]
QUADRATIC8_CACHED_AXIOMS PBCounterexample.Gram6.eval_alongTangentPolynomial [propext, Classical.choice, Quot.sound]
QUADRATIC8_CACHED_AXIOMS PBCounterexample.Gram6.quadraticVariation [propext, Classical.choice, Quot.sound]
QUADRATIC8_CACHED_AXIOMS _private.PBCounterexample.Gram6FiniteParameters.0.PBCounterexample.Gram6.hasDerivAt_quadraticPolarCoefficients._simp_1_2 [propext,
 Quot.sound]
QUADRATIC8_CACHED_AXIOMS PBCounterexample.Gram6.alongTangentPolynomial [propext, Classical.choice, Quot.sound]
QUADRATIC8_CACHED_AXIOMS _private.PBCounterexample.Gram6FiniteParameters.0.PBCounterexample.Gram6.quadraticPolarCoefficients [propext,
 Classical.choice,
 Quot.sound]
QUADRATIC8_CACHED_AXIOMS PBCounterexample.Gram6.quadraticVariation_self [propext, Classical.choice, Quot.sound]
QUADRATIC8_CACHED_AXIOMS PBCounterexample.Gram6.quadraticVariation_base_normal._simp_1_1 [propext]
QUADRATIC8_CACHED_AXIOMS PBCounterexample.Gram6.quadraticVariation_base_normal [propext, Classical.choice, Quot.sound]
QUADRATIC8_CACHED_AXIOMS PBCounterexample.Gram6.alongCurvePolynomial [propext, Classical.choice, Quot.sound]
QUADRATIC8_CACHED_AXIOMS PBCounterexample.Gram6.hasDerivAt_eval_homogeneous_two [propext, Classical.choice, Quot.sound]
QUADRATIC8_CACHED_AXIOMS _private.PBCounterexample.Gram6FiniteParameters.0.PBCounterexample.Gram6.hasDerivAt_quadraticPolarCoefficients [propext,
 Classical.choice,
 Quot.sound]
QUADRATIC8_CACHED_AXIOMS _private.PBCounterexample.Gram6FiniteParameters.0.PBCounterexample.Gram6.eventually_polynomial_eval_ne_zero [propext,
 Classical.choice,
 Quot.sound]
QUADRATIC8_CACHED_AXIOMS PBCounterexample.Gram6.eval_alongCurvePolynomial [propext, Classical.choice, Quot.sound]
QUADRATIC8_CACHED_AXIOMS PBCounterexample.Gram6.alongTangentPolynomial_eq_zero_iff [propext,
 Classical.choice,
 Quot.sound]
QUADRATIC8_CACHED_AXIOMS PBCounterexample.Gram6.quadraticVariation_base_normal._simp_1_7 [propext]
QUADRATIC8_CACHED_AXIOMS PBCounterexample.Gram6.quadraticVariation_base_normal._simp_1_4 [propext]
QUADRATIC8_CACHED_AXIOMS PBCounterexample.Gram6.quadraticVariation_curve_acceleration [propext,
 Classical.choice,
 Quot.sound]
QUADRATIC8_CACHED_AXIOMS PBCounterexample.Gram6.quadraticVariation_base_normal._simp_1_6 [propext,
 Classical.choice,
 Quot.sound]
QUADRATIC8_CACHED_AXIOMS PBCounterexample.Gram6.quadraticVariation_base_normal._simp_1_2 [propext]
QUADRATIC8_CACHED_AXIOMS PBCounterexample.Gram6.quadraticVariation_add_right._simp_1_3 [propext, Quot.sound]
QUADRATIC8_CACHED_AXIOMS PBCounterexample.Gram6.quadraticVariation.eq_1 [propext, Classical.choice, Quot.sound]
QUADRATIC8_CACHED_AXIOMS PBCounterexample.Gram6.quadraticVariation_smul_right [propext, Classical.choice, Quot.sound]
QUADRATIC8_CACHED_AXIOMS PBCounterexample.Gram6.eval_add_smul_of_homogeneous_two [propext, Classical.choice, Quot.sound]
QUADRATIC8_CACHED_AXIOMS PBCounterexample.Gram6.quadraticVariation_add_right [propext, Classical.choice, Quot.sound]
QUADRATIC8_CACHED_AXIOMS PBCounterexample.Gram6.alongCurvePolynomial_eq_zero_iff [propext, Classical.choice, Quot.sound]
QUADRATIC8_CACHED_AXIOMS PBCounterexample.Gram6.gramCoordinates.eq_1 [propext, Classical.choice, Quot.sound]
QUADRATIC8_CACHED_AXIOMS PBCounterexample.Gram6.gramCoordinates_functional_injective [propext,
 Classical.choice,
 Quot.sound]
QUADRATIC8_CACHED_AXIOMS _private.PBCounterexample.Gram6CorrectionCoordinates.0.PBCounterexample.Gram6.sixth_entry [propext]
QUADRATIC8_CACHED_AXIOMS PBCounterexample.Gram6.coordinateCorrection [propext, Classical.choice, Quot.sound]
QUADRATIC8_CACHED_AXIOMS PBCounterexample.Gram6.correctionMatrix_det_ne_zero [propext, Classical.choice, Quot.sound]
QUADRATIC8_CACHED_AXIOMS PBCounterexample.Gram6.correctionMatrix.eq_1 [propext, Classical.choice, Quot.sound]
QUADRATIC8_CACHED_AXIOMS PBCounterexample.Gram6.correctionMatrix [propext, Classical.choice, Quot.sound]
QUADRATIC8_CACHED_AXIOMS PBCounterexample.Gram6.coordinateCorrection.eq_1 [propext, Classical.choice, Quot.sound]
QUADRATIC8_CACHED_AXIOMS PBCounterexample.Gram6.correctionMatrix_mulVec [propext, Classical.choice, Quot.sound]
QUADRATIC8_CACHED_AXIOMS PBCounterexample.Gram6.correctionMatrix_det [propext, Classical.choice, Quot.sound]
QUADRATIC8_CACHED_AXIOMS PBCounterexample.Gram6.coordinateCorrection._proof_1 [propext]
QUADRATIC8_CACHED_AXIOMS _private.PBCounterexample.Gram6Implicit.0.PBCounterexample.Gram6.contDiff_gramFunctional [propext,
 Classical.choice,
 Quot.sound]
QUADRATIC8_CACHED_AXIOMS PBCounterexample.Gram6.correctionDisplacement [propext, Classical.choice, Quot.sound]
QUADRATIC8_CACHED_AXIOMS PBCounterexample.Gram6.gramFunctional_signedNormal_kernelDirection [propext,
 Classical.choice,
 Quot.sound]
QUADRATIC8_CACHED_AXIOMS PBCounterexample.Gram6.implicitVerticalDerivative_isInvertible [propext,
 Classical.choice,
 Quot.sound]
QUADRATIC8_CACHED_AXIOMS _private.PBCounterexample.Gram6Implicit.0.PBCounterexample.Gram6.gramPolar_zero_right [propext,
 Classical.choice,
 Quot.sound]
QUADRATIC8_CACHED_AXIOMS _private.PBCounterexample.Gram6Implicit.0.PBCounterexample.Gram6.contDiff_gramCoordinates [propext,
 Classical.choice,
 Quot.sound]
QUADRATIC8_CACHED_AXIOMS PBCounterexample.Gram6.implicitVerticalDerivative_injective [propext,
 Classical.choice,
 Quot.sound]
QUADRATIC8_CACHED_AXIOMS _private.PBCounterexample.Gram6Implicit.0.PBCounterexample.Gram6.sixth_entry [propext]
QUADRATIC8_CACHED_AXIOMS PBCounterexample.Gram6.implicitVerticalDerivative_last_of_first_three_zero [propext,
 Classical.choice,
 Quot.sound]
QUADRATIC8_CACHED_AXIOMS PBCounterexample.Gram6.exists_corrected_gram_path [propext, Classical.choice, Quot.sound]
QUADRATIC8_CACHED_AXIOMS PBCounterexample.Gram6.implicitVerticalDerivative._proof_1 [propext,
 Classical.choice,
 Quot.sound]
QUADRATIC8_CACHED_AXIOMS _private.PBCounterexample.Gram6Implicit.0.PBCounterexample.Gram6.coordinateCorrection_zero [propext,
 Classical.choice,
 Quot.sound]
QUADRATIC8_CACHED_AXIOMS _private.PBCounterexample.Gram6Implicit.0.PBCounterexample.Gram6.implicitQuadraticValue.eq_1 [propext,
 Classical.choice,
 Quot.sound]
QUADRATIC8_CACHED_AXIOMS PBCounterexample.Gram6.implicitVerticalValue.eq_1 [propext, Classical.choice, Quot.sound]
QUADRATIC8_CACHED_AXIOMS PBCounterexample.Gram6.implicitVerticalDerivative_first_three [propext,
 Classical.choice,
 Quot.sound]
QUADRATIC8_CACHED_AXIOMS PBCounterexample.Gram6.implicitResidual_zero [propext, Classical.choice, Quot.sound]
QUADRATIC8_CACHED_AXIOMS PBCounterexample.Gram6.ImplicitCoord [propext, Classical.choice, Quot.sound]
QUADRATIC8_CACHED_AXIOMS PBCounterexample.Gram6.correctionDisplacement._proof_1 [propext]
QUADRATIC8_CACHED_AXIOMS _private.PBCounterexample.Gram6Implicit.0.PBCounterexample.Gram6.contDiff_gramMatrix [propext,
 Classical.choice,
 Quot.sound]
QUADRATIC8_CACHED_AXIOMS PBCounterexample.Gram6.signedNormal [propext, Classical.choice, Quot.sound]
QUADRATIC8_CACHED_AXIOMS PBCounterexample.Gram6.implicitResidual [propext, Classical.choice, Quot.sound]
QUADRATIC8_CACHED_AXIOMS PBCounterexample.Gram6.correctionDisplacement.eq_1 [propext, Classical.choice, Quot.sound]
QUADRATIC8_CACHED_AXIOMS _private.PBCounterexample.Gram6Implicit.0.PBCounterexample.Gram6.contDiff_gramPolar_right [propext,
 Classical.choice,
 Quot.sound]
QUADRATIC8_CACHED_AXIOMS PBCounterexample.Gram6.contDiff_implicitResidual [propext, Classical.choice, Quot.sound]
QUADRATIC8_CACHED_AXIOMS PBCounterexample.Gram6.exists_opposite_corrected_gram_paths [propext,
 Classical.choice,
 Quot.sound]
QUADRATIC8_CACHED_AXIOMS PBCounterexample.Gram6.correctionDisplacement_zero [propext, Classical.choice, Quot.sound]
QUADRATIC8_CACHED_AXIOMS PBCounterexample.Gram6.exists_implicitCorrection [propext, Classical.choice, Quot.sound]
QUADRATIC8_CACHED_AXIOMS PBCounterexample.Gram6.implicitVerticalValue [propext, Classical.choice, Quot.sound]
QUADRATIC8_CACHED_AXIOMS PBCounterexample.Gram6.implicitVerticalDerivative_last [propext, Classical.choice, Quot.sound]
QUADRATIC8_CACHED_AXIOMS PBCounterexample.Gram6.signedNormal.eq_1 [propext, Classical.choice, Quot.sound]
QUADRATIC8_CACHED_AXIOMS PBCounterexample.Gram6.implicitResidual.eq_1 [propext, Classical.choice, Quot.sound]
QUADRATIC8_CACHED_AXIOMS _private.PBCounterexample.Gram6Implicit.0.PBCounterexample.Gram6.implicitResidual_vertical_line [propext,
 Classical.choice,
 Quot.sound]
QUADRATIC8_CACHED_AXIOMS PBCounterexample.Gram6.implicitResidual._proof_1 [propext]
QUADRATIC8_CACHED_AXIOMS ContDiffAt.implicitFunction.congr_simp [propext, Classical.choice, Quot.sound]
QUADRATIC8_CACHED_AXIOMS PBCounterexample.Gram6.implicitVerticalDerivative_apply [propext, Classical.choice, Quot.sound]
QUADRATIC8_CACHED_AXIOMS PBCounterexample.Gram6.gramMatrix_of_implicitResidual_eq_zero [propext,
 Classical.choice,
 Quot.sound]
QUADRATIC8_CACHED_AXIOMS _private.PBCounterexample.Gram6Implicit.0.PBCounterexample.Gram6.gramPolar_add_left [propext,
 Classical.choice,
 Quot.sound]
QUADRATIC8_CACHED_AXIOMS _private.PBCounterexample.Gram6Implicit.0.PBCounterexample.Gram6.implicitQuadraticValue [propext,
 Classical.choice,
 Quot.sound]
QUADRATIC8_CACHED_AXIOMS PBCounterexample.Gram6.implicitVerticalDerivative [propext, Classical.choice, Quot.sound]
QUADRATIC8_CACHED_AXIOMS PBCounterexample.Gram6.correctionDisplacement_smul [propext, Classical.choice, Quot.sound]
QUADRATIC8_CACHED_AXIOMS PBCounterexample.Gram6.gramCoordinates_base_correctionDisplacement [propext,
 Classical.choice,
 Quot.sound]
QUADRATIC8_CACHED_AXIOMS PBCounterexample.Gram6.contDiff_correctionDisplacement [propext, Classical.choice, Quot.sound]
QUADRATIC8_CACHED_AXIOMS PBCounterexample.Gram6.hasDerivAt_implicitResidual_vertical_line [propext,
 Classical.choice,
 Quot.sound]
QUADRATIC8_CACHED_AXIOMS PBCounterexample.Gram6.scaledAPolynomial.eq_1 [propext, Classical.choice, Quot.sound]
QUADRATIC8_CACHED_AXIOMS PBCounterexample.Gram6.edge02._proof_1 [propext]
QUADRATIC8_CACHED_AXIOMS PBCounterexample.Gram6.edge23.eq_1 [propext]
QUADRATIC8_CACHED_AXIOMS PBCounterexample.Gram6.polynomialCover_count [propext, Classical.choice, Quot.sound]
QUADRATIC8_CACHED_AXIOMS PBCounterexample.Gram6.f [propext, Classical.choice, Quot.sound]
QUADRATIC8_CACHED_AXIOMS PBCounterexample.Gram6.polynomialCover_homogeneous [propext, Classical.choice, Quot.sound]
QUADRATIC8_CACHED_AXIOMS PBCounterexample.Gram6.edge12 [propext]
QUADRATIC8_CACHED_AXIOMS PBCounterexample.Gram6.edge13._proof_1 [propext]
QUADRATIC8_CACHED_AXIOMS PBCounterexample.Gram6.qPolynomial_homogeneous [propext, Classical.choice, Quot.sound]
QUADRATIC8_CACHED_AXIOMS PBCounterexample.Gram6.edge13 [propext]
QUADRATIC8_CACHED_AXIOMS PBCounterexample.Gram6.edge12._proof_1 [propext]
QUADRATIC8_CACHED_AXIOMS PBCounterexample.Gram6.Label._proof_1 [propext]
QUADRATIC8_CACHED_AXIOMS PBCounterexample.Gram6.Label [propext]
QUADRATIC8_CACHED_AXIOMS PBCounterexample.Gram6.labelPolynomial._proof_1 [propext]
QUADRATIC8_CACHED_AXIOMS PBCounterexample.Gram6.allQuadratics_fourEdges [propext, Classical.choice, Quot.sound]
QUADRATIC8_CACHED_AXIOMS PBCounterexample.Gram6.fourEdges_covers [propext, Classical.choice, Quot.sound]
QUADRATIC8_CACHED_AXIOMS PBCounterexample.Gram6.labelPolynomial._proof_4 [propext]
QUADRATIC8_CACHED_AXIOMS PBCounterexample.Gram6.labelPolynomial.eq_1 [propext, Classical.choice, Quot.sound]
QUADRATIC8_CACHED_AXIOMS PBCounterexample.Gram6.polynomialCover [propext, Classical.choice, Quot.sound]
QUADRATIC8_CACHED_AXIOMS PBCounterexample.Gram6.allQuadratics [propext, Classical.choice, Quot.sound]
QUADRATIC8_CACHED_AXIOMS PBCounterexample.Gram6.label_count [propext, Classical.choice, Quot.sound]
QUADRATIC8_CACHED_AXIOMS PBCounterexample.Gram6.fourEdges.eq_1 [propext]
QUADRATIC8_CACHED_AXIOMS PBCounterexample.Gram6.eval_allQuadratics_relation02 [propext, Classical.choice, Quot.sound]
QUADRATIC8_CACHED_AXIOMS PBCounterexample.Gram6.edge02 [propext]
QUADRATIC8_CACHED_AXIOMS PBCounterexample.Gram6.edge01.eq_1 [propext]
QUADRATIC8_CACHED_AXIOMS PBCounterexample.Gram6.continuous_f [propext, Classical.choice, Quot.sound]
QUADRATIC8_CACHED_AXIOMS PBCounterexample.Gram6.edge03.eq_1 [propext]
QUADRATIC8_CACHED_AXIOMS PBCounterexample.Gram6.f_positive_homogeneous [propext, Classical.choice, Quot.sound]
QUADRATIC8_CACHED_AXIOMS PBCounterexample.Gram6.edge23 [propext]
QUADRATIC8_CACHED_AXIOMS PBCounterexample.Gram6.allQuadratics.eq_1 [propext, Classical.choice, Quot.sound]
QUADRATIC8_CACHED_AXIOMS PBCounterexample.Gram6.eval_allQuadratics_relation23 [propext, Classical.choice, Quot.sound]
QUADRATIC8_CACHED_AXIOMS PBCounterexample.Gram6.scaledAMatrix [propext, Classical.choice, Quot.sound]
QUADRATIC8_CACHED_AXIOMS PBCounterexample.Gram6.labelPolynomial._proof_3 [propext]
QUADRATIC8_CACHED_AXIOMS PBCounterexample.Gram6.labelPolynomial._proof_2 [propext]
QUADRATIC8_CACHED_AXIOMS PBCounterexample.Gram6.allMinimum_positive [propext, Classical.choice, Quot.sound]
QUADRATIC8_CACHED_AXIOMS PBCounterexample.Gram6.scaledAPolynomial_homogeneous [propext, Classical.choice, Quot.sound]
QUADRATIC8_CACHED_AXIOMS PBCounterexample.Gram6.determinant_ne_zero [propext, Classical.choice, Quot.sound]
QUADRATIC8_CACHED_AXIOMS PBCounterexample.Gram6.scaledAPolynomial [propext, Classical.choice, Quot.sound]
QUADRATIC8_CACHED_AXIOMS PBCounterexample.Gram6.allQuadratics_positive [propext, Classical.choice, Quot.sound]
QUADRATIC8_CACHED_AXIOMS PBCounterexample.Gram6.scaledAMatrix_det [propext, Classical.choice, Quot.sound]
QUADRATIC8_CACHED_AXIOMS PBCounterexample.Gram6.edge01._proof_1 [propext]
QUADRATIC8_CACHED_AXIOMS PBCounterexample.Gram6.edge01 [propext]
QUADRATIC8_CACHED_AXIOMS PBCounterexample.Gram6.edge03 [propext]
QUADRATIC8_CACHED_AXIOMS PBCounterexample.Gram6.edge03._proof_1 [propext]
QUADRATIC8_CACHED_AXIOMS PBCounterexample.Gram6.scaledAMatrix.eq_1 [propext, Classical.choice, Quot.sound]
QUADRATIC8_CACHED_AXIOMS PBCounterexample.Gram6.eval_scaledAPolynomial [propext, Classical.choice, Quot.sound]
QUADRATIC8_CACHED_AXIOMS PBCounterexample.Gram6.scaledAMatrix._proof_1 [propext]
QUADRATIC8_CACHED_AXIOMS PBCounterexample.Gram6.minimum [propext, Classical.choice, Quot.sound]
QUADRATIC8_CACHED_AXIOMS PBCounterexample.Gram6.edge23._proof_1 [propext]
QUADRATIC8_CACHED_AXIOMS PBCounterexample.Gram6.edge02.eq_1 [propext]
QUADRATIC8_CACHED_AXIOMS PBCounterexample.Gram6.instNonemptyLabel [propext]
QUADRATIC8_CACHED_AXIOMS PBCounterexample.Gram6.fourEdges [propext]
QUADRATIC8_CACHED_AXIOMS PBCounterexample.Gram6.labelPolynomial [propext, Classical.choice, Quot.sound]
QUADRATIC8_CACHED_AXIOMS PBCounterexample.Gram6.edge12.eq_1 [propext]
QUADRATIC8_CACHED_AXIOMS PBCounterexample.Gram6.edge13.eq_1 [propext]
QUADRATIC8_CACHED_AXIOMS PBCounterexample.Gram6.qPolynomial [propext, Classical.choice, Quot.sound]
QUADRATIC8_CACHED_AXIOMS PBCounterexample.Gram6.scaledAMatrix._proof_2 [propext]
QUADRATIC8_CACHED_AXIOMS PBCounterexample.Gram6.gramSelection_gram_eq [propext, Classical.choice, Quot.sound]
QUADRATIC8_CACHED_AXIOMS PBCounterexample.Gram6.determinantLinearTerm_sub_right [propext, Classical.choice, Quot.sound]
QUADRATIC8_CACHED_AXIOMS PBCounterexample.Gram6.determinantLinearTerm_smul_left [propext, Classical.choice, Quot.sound]
QUADRATIC8_CACHED_AXIOMS PBCounterexample.Gram6.hasDerivAt_determinant_line [propext, Classical.choice, Quot.sound]
QUADRATIC8_CACHED_AXIOMS PBCounterexample.Gram6.determinantLinearTerm_base_kernelDirection0 [propext,
 Classical.choice,
 Quot.sound]
QUADRATIC8_CACHED_AXIOMS PBCounterexample.Gram6.determinant_explicit [propext, Classical.choice, Quot.sound]
QUADRATIC8_CACHED_AXIOMS PBCounterexample.Gram6.determinantLinearTerm [propext, Classical.choice, Quot.sound]
QUADRATIC8_CACHED_AXIOMS _private.PBCounterexample.Gram6DeterminantVariations.0.PBCounterexample.Gram6.sixth_entry [propext]
QUADRATIC8_CACHED_AXIOMS PBCounterexample.Gram6.determinantLinearTerm._proof_2 [propext]
QUADRATIC8_CACHED_AXIOMS PBCounterexample.Gram6.determinantLinearTerm_curve_acceleration [propext,
 Classical.choice,
 Quot.sound]
QUADRATIC8_CACHED_AXIOMS PBCounterexample.Gram6.determinantLinearTerm_smul_right [propext, Classical.choice, Quot.sound]
QUADRATIC8_CACHED_AXIOMS PBCounterexample.Gram6.determinantLinearTerm_base_normal [propext,
 Classical.choice,
 Quot.sound]
QUADRATIC8_CACHED_AXIOMS PBCounterexample.Gram6.determinantLinearTerm_base_kernelDirection_pos [propext,
 Classical.choice,
 Quot.sound]
QUADRATIC8_CACHED_AXIOMS PBCounterexample.Gram6.determinant_add_smul [propext, Classical.choice, Quot.sound]
QUADRATIC8_CACHED_AXIOMS PBCounterexample.Gram6.determinantLinearTerm._proof_1 [propext]
QUADRATIC8_CACHED_AXIOMS PBCounterexample.Gram6.determinantLinearTerm_curve_third [propext,
 Classical.choice,
 Quot.sound]
QUADRATIC8_CACHED_AXIOMS PBCounterexample.Gram6.determinantLinearTerm.eq_1 [propext, Classical.choice, Quot.sound]
QUADRATIC8_CACHED_AXIOMS PBCounterexample.eventually_real_sign_eq_of_tendsto [propext, Classical.choice, Quot.sound]
QUADRATIC8_CACHED_AXIOMS PBCounterexample.exists_positive_time_same_polynomial_signs [propext,
 Classical.choice,
 Quot.sound]
QUADRATIC8_CACHED_AXIOMS PBCounterexample.real_sign_mul_of_pos_left [propext, Classical.choice, Quot.sound]
QUADRATIC8_CACHED_AXIOMS _private.PBCounterexample.Gram6LocalPaths.0.PBCounterexample.Gram6.sixth_entry [propext]
QUADRATIC8_CACHED_AXIOMS PBCounterexample.Gram6.minimum_of_gram_target [propext, Classical.choice, Quot.sound]
QUADRATIC8_CACHED_AXIOMS PBCounterexample.eventually_real_sign_eq_of_hasDerivAt_zero [propext,
 Classical.choice,
 Quot.sound]
QUADRATIC8_CACHED_AXIOMS PBCounterexample.Gram6.eval_labelPolynomial_of_gram_target [propext,
 Classical.choice,
 Quot.sound]
QUADRATIC8_CACHED_AXIOMS PBCounterexample.Gram6.f_of_gram_target_positive_determinant [propext,
 Classical.choice,
 Quot.sound]
QUADRATIC8_CACHED_AXIOMS PBCounterexample.Gram6.determinantLinearTerm_normal_add_kernel [propext,
 Classical.choice,
 Quot.sound]
QUADRATIC8_CACHED_AXIOMS PBCounterexample.Gram6.hasDerivAt_determinant_corrected_point [propext,
 Classical.choice,
 Quot.sound]
QUADRATIC8_CACHED_AXIOMS PBCounterexample.Gram6.determinant_curve [propext, Classical.choice, Quot.sound]
QUADRATIC8_CACHED_AXIOMS PBCounterexample.Gram6.eventually_corrected_determinant_sign [propext,
 Classical.choice,
 Quot.sound]
QUADRATIC8_CACHED_AXIOMS PBCounterexample.Gram6.hasDerivAt_corrected_point [propext, Classical.choice, Quot.sound]
QUADRATIC8_CACHED_AXIOMS PBCounterexample.Gram6.f_zero_of_nonpositive_determinant [propext,
 Classical.choice,
 Quot.sound]
QUADRATIC8_CACHED_AXIOMS PBCounterexample.Gram6.determinantLinearTerm_add_right [propext, Classical.choice, Quot.sound]
QUADRATIC8_CACHED_AXIOMS PBCounterexample.Gram6.not_isPolynomialLattice [propext, Classical.choice, Quot.sound]
QUADRATIC8_CACHED_AXIOMS _private.PBCounterexample.Gram6SignObstruction.0.PBCounterexample.Gram6.nonpos_of_real_sign_eq_neg_one [propext,
 Classical.choice,
 Quot.sound]
QUADRATIC8_CACHED_AXIOMS _private.PBCounterexample.Gram6SignObstruction.0.PBCounterexample.Gram6.pos_of_real_sign_eq_one [propext,
 Classical.choice,
 Quot.sound]
QUADRATIC8_CACHED_AXIOMS PBCounterexample.Gram6.exists_same_homogeneous_signs_different_f [propext,
 Classical.choice,
 Quot.sound]
QUADRATIC8_CACHED_AXIOMS _private.PBCounterexample.Gram6SignObstruction.0.PBCounterexample.Gram6.sign_add_eq_of_abs_lt [propext,
 Classical.choice,
 Quot.sound]
QUADRATIC8_CACHED_AXIOMS PBCounterexample.IsPolynomialLattice.max [propext, Classical.choice, Quot.sound]
QUADRATIC8_CACHED_AXIOMS PBCounterexample.IsPolynomialLattice.finite_sup [propext, Classical.choice, Quot.sound]
QUADRATIC8_CACHED_AXIOMS PBCounterexample.polynomial_isPolynomialLattice [propext, Classical.choice, Quot.sound]
QUADRATIC8_CACHED_AXIOMS PBCounterexample.IsPolynomialLattice.finite_inf [propext, Classical.choice, Quot.sound]
QUADRATIC8_CACHED_AXIOMS PBCounterexample.IsPolynomialLattice.min [propext, Classical.choice, Quot.sound]
QUADRATIC8_CACHED_AXIOMS PBCounterexample.finite_sup_inf_polynomials_isPolynomialLattice [propext,
 Classical.choice,
 Quot.sound]
QUADRATIC8_CACHED_AXIOMS PBCounterexample.Gram6.whole_space_counterexample [propext, Classical.choice, Quot.sound]
QUADRATIC8_CACHED_AXIOMS PBCounterexample.Gram6.exists_whole_space_counterexample [propext,
 Classical.choice,
 Quot.sound]
QUADRATIC8_CACHED_AXIOMS PBCounterexample.Gram6.not_finite_sup_inf_polynomials [propext, Classical.choice, Quot.sound]
QUADRATIC8_CACHED_AXIOMS PBCounterexample.Quadratic8.cofactor1.eq_1 [propext, Classical.choice, Quot.sound]
QUADRATIC8_CACHED_AXIOMS PBCounterexample.Quadratic8.minimum_le_labelPolynomial [propext, Classical.choice, Quot.sound]
QUADRATIC8_CACHED_AXIOMS PBCounterexample.Quadratic8.base_minimum_pos [propext, Classical.choice, Quot.sound]
QUADRATIC8_CACHED_AXIOMS PBCounterexample.Quadratic8.minimum_le_base_minimum [propext, Classical.choice, Quot.sound]
QUADRATIC8_CACHED_AXIOMS PBCounterexample.Quadratic8.eval_errorPolynomial_graph [propext, Classical.choice, Quot.sound]
QUADRATIC8_CACHED_AXIOMS PBCounterexample.Quadratic8.graphPolynomial [propext, Classical.choice, Quot.sound]
QUADRATIC8_CACHED_AXIOMS PBCounterexample.Quadratic8.labelPolynomial._proof_1 [propext]
QUADRATIC8_CACHED_AXIOMS PBCounterexample.Quadratic8.Poly [propext, Classical.choice, Quot.sound]
QUADRATIC8_CACHED_AXIOMS PBCounterexample.Quadratic8.orientationPolynomial [propext, Classical.choice, Quot.sound]
QUADRATIC8_CACHED_AXIOMS PBCounterexample.Quadratic8.eval_labelPolynomial [propext, Classical.choice, Quot.sound]
QUADRATIC8_CACHED_AXIOMS PBCounterexample.Quadratic8.baseProjection [propext, Classical.choice, Quot.sound]
QUADRATIC8_CACHED_AXIOMS PBCounterexample.Quadratic8.errorPolynomial.eq_1 [propext, Classical.choice, Quot.sound]
QUADRATIC8_CACHED_AXIOMS PBCounterexample.Quadratic8.eval_errorPolynomial_zero [propext, Classical.choice, Quot.sound]
QUADRATIC8_CACHED_AXIOMS PBCounterexample.Quadratic8.errorPolynomial [propext, Classical.choice, Quot.sound]
QUADRATIC8_CACHED_AXIOMS PBCounterexample.Quadratic8.eval_cofactor1 [propext, Classical.choice, Quot.sound]
QUADRATIC8_CACHED_AXIOMS PBCounterexample.Quadratic8.eval_orientationPolynomial [propext, Classical.choice, Quot.sound]
QUADRATIC8_CACHED_AXIOMS PBCounterexample.Quadratic8.cofactor2.eq_1 [propext, Classical.choice, Quot.sound]
QUADRATIC8_CACHED_AXIOMS PBCounterexample.Quadratic8.cofactor1._proof_1 [propext]
QUADRATIC8_CACHED_AXIOMS PBCounterexample.Quadratic8.exists_base_minimum_eq [propext, Classical.choice, Quot.sound]
QUADRATIC8_CACHED_AXIOMS PBCounterexample.Quadratic8.baseIndex []
QUADRATIC8_CACHED_AXIOMS PBCounterexample.Quadratic8.f_bounds [propext, Classical.choice, Quot.sound]
QUADRATIC8_CACHED_AXIOMS PBCounterexample.Quadratic8.baseLabel [propext, Classical.choice, Quot.sound]
QUADRATIC8_CACHED_AXIOMS PBCounterexample.Quadratic8.labelPolynomial.eq_1 [propext, Classical.choice, Quot.sound]
QUADRATIC8_CACHED_AXIOMS PBCounterexample.Quadratic8.minimum._proof_1 [propext]
QUADRATIC8_CACHED_AXIOMS PBCounterexample.Quadratic8.eval_lift [propext, Classical.choice, Quot.sound]
QUADRATIC8_CACHED_AXIOMS PBCounterexample.Quadratic8.minimum [propext, Classical.choice, Quot.sound]
QUADRATIC8_CACHED_AXIOMS PBCounterexample.Quadratic8.base_minimum_le_labelPolynomial [propext,
 Classical.choice,
 Quot.sound]
QUADRATIC8_CACHED_AXIOMS PBCounterexample.Quadratic8.minimum_graph [propext, Classical.choice, Quot.sound]
QUADRATIC8_CACHED_AXIOMS PBCounterexample.Quadratic8.labelPolynomial [propext, Classical.choice, Quot.sound]
QUADRATIC8_CACHED_AXIOMS PBCounterexample.Quadratic8.minimum_eq [propext, Classical.choice, Quot.sound]
QUADRATIC8_CACHED_AXIOMS PBCounterexample.Quadratic8.eval_orientationPolynomial_graph [propext,
 Classical.choice,
 Quot.sound]
QUADRATIC8_CACHED_AXIOMS PBCounterexample.Quadratic8.eval_cofactor2 [propext, Classical.choice, Quot.sound]
QUADRATIC8_CACHED_AXIOMS PBCounterexample.Quadratic8.orientationPolynomial.eq_1 [propext, Classical.choice, Quot.sound]
QUADRATIC8_CACHED_AXIOMS PBCounterexample.Quadratic8.graphPolynomial.eq_1 [propext, Classical.choice, Quot.sound]
QUADRATIC8_CACHED_AXIOMS PBCounterexample.Quadratic8.cofactor1 [propext, Classical.choice, Quot.sound]
QUADRATIC8_CACHED_AXIOMS PBCounterexample.Quadratic8.graph.eq_1 [propext, Classical.choice, Quot.sound]
QUADRATIC8_CACHED_AXIOMS PBCounterexample.Quadratic8.determinant_cofactor_expansion [propext,
 Classical.choice,
 Quot.sound]
QUADRATIC8_CACHED_AXIOMS PBCounterexample.Quadratic8.baseIndex._proof_1 []
QUADRATIC8_CACHED_AXIOMS PBCounterexample.Quadratic8.Coord [propext, Classical.choice, Quot.sound]
QUADRATIC8_CACHED_AXIOMS PBCounterexample.Quadratic8.baseLabel._proof_1 [propext, Classical.choice, Quot.sound]
QUADRATIC8_CACHED_AXIOMS PBCounterexample.Quadratic8.f [propext, Classical.choice, Quot.sound]
QUADRATIC8_CACHED_AXIOMS PBCounterexample.Quadratic8.baseIndex.eq_1 []
QUADRATIC8_CACHED_AXIOMS PBCounterexample.Quadratic8.abs_error_lt_of_minimum_pos [propext, Classical.choice, Quot.sound]
QUADRATIC8_CACHED_AXIOMS PBCounterexample.Quadratic8.eval_errorPolynomial_one [propext, Classical.choice, Quot.sound]
QUADRATIC8_CACHED_AXIOMS PBCounterexample.Quadratic8.lift [propext, Classical.choice, Quot.sound]
QUADRATIC8_CACHED_AXIOMS PBCounterexample.Quadratic8.cofactor1._proof_2 [propext]
QUADRATIC8_CACHED_AXIOMS PBCounterexample.Quadratic8.Label []
QUADRATIC8_CACHED_AXIOMS PBCounterexample.Quadratic8.cofactor2 [propext, Classical.choice, Quot.sound]
QUADRATIC8_CACHED_AXIOMS PBCounterexample.Quadratic8.f_graph [propext, Classical.choice, Quot.sound]
QUADRATIC8_CACHED_AXIOMS PBCounterexample.Quadratic8.baseProjection_graph [propext, Classical.choice, Quot.sound]
QUADRATIC8_CACHED_AXIOMS PBCounterexample.Quadratic8.minimum_le_base_sub_abs_error [propext,
 Classical.choice,
 Quot.sound]
QUADRATIC8_CACHED_AXIOMS PBCounterexample.Quadratic8.baseProjection.eq_1 [propext, Classical.choice, Quot.sound]
QUADRATIC8_CACHED_AXIOMS PBCounterexample.Quadratic8.errorPolynomial._proof_1 [propext]
QUADRATIC8_CACHED_AXIOMS PBCounterexample.Quadratic8.qPolynomial_baseLabel [propext, Classical.choice, Quot.sound]
QUADRATIC8_CACHED_AXIOMS PBCounterexample.Quadratic8.label_count [propext, Classical.choice, Quot.sound]
QUADRATIC8_CACHED_AXIOMS PBCounterexample.Quadratic8.graph [propext, Classical.choice, Quot.sound]
QUADRATIC8_CACHED_AXIOMS PBCounterexample.Quadratic8.not_isPolynomialLattice [propext, Classical.choice, Quot.sound]
QUADRATIC8_CACHED_AXIOMS PBCounterexample.Quadratic8.lift.eq_1 [propext, Classical.choice, Quot.sound]
QUADRATIC8_CACHED_AXIOMS PBCounterexample.Quadratic8.not_finite_sup_inf_polynomials [propext,
 Classical.choice,
 Quot.sound]
QUADRATIC8_CACHED_AXIOMS PBCounterexample.Quadratic8Geometry.third_row_sq_pos [propext, Classical.choice, Quot.sound]
QUADRATIC8_CACHED_AXIOMS _private.PBCounterexample.Quadratic8Geometry.0.PBCounterexample.Quadratic8Geometry.four_label_margin [propext,
 Classical.choice,
 Quot.sound]
QUADRATIC8_CACHED_AXIOMS PBCounterexample.Quadratic8Geometry.minimum_le_label [propext, Classical.choice, Quot.sound]
QUADRATIC8_CACHED_AXIOMS PBCounterexample.Quadratic8Geometry.orientation_ne_zero [propext, Classical.choice, Quot.sound]
QUADRATIC8_CACHED_AXIOMS PBCounterexample.Quadratic8Geometry.determinant_formula [propext, Classical.choice, Quot.sound]
QUADRATIC8_CACHED_AXIOMS PBCounterexample.Quadratic8Geometry.determinant_bound [propext, Classical.choice, Quot.sound]
QUADRATIC8_CACHED_AXIOMS PBCounterexample.Quadratic8Geometry.gram_le_weighted_squares [propext,
 Classical.choice,
 Quot.sound]
QUADRATIC8_CACHED_AXIOMS PBCounterexample.Quadratic8Geometry.determinant_sq_bound [propext,
 Classical.choice,
 Quot.sound]
QUADRATIC8_CACHED_AXIOMS PBCounterexample.Quadratic8Geometry.gram_margin [propext, Classical.choice, Quot.sound]
QUADRATIC8_CACHED_AXIOMS _private.PBCounterexample.Quadratic8Geometry.0.PBCounterexample.Quadratic8Geometry.cofactor_error_sq_bound [propext,
 Classical.choice,
 Quot.sound]
QUADRATIC8_CACHED_AXIOMS PBCounterexample.FinitePolynomialSignPartition.casesOn [propext, Classical.choice, Quot.sound]
QUADRATIC8_CACHED_AXIOMS PBCounterexample.FinitePolynomialSignPartition.mk.sizeOf_spec [propext,
 Classical.choice,
 Quot.sound]
QUADRATIC8_CACHED_AXIOMS PBCounterexample.FinitePolynomialSignPartition.realization.eq_1 [propext,
 Classical.choice,
 Quot.sound]
QUADRATIC8_CACHED_AXIOMS PBCounterexample.FinitePolynomialSignPartition.agrees [propext, Classical.choice, Quot.sound]
QUADRATIC8_CACHED_AXIOMS _private.PBCounterexample.QuadraticSignPartition.0.PBCounterexample.PolynomialSelection.comparison_iff_of_same_signs._simp_1_1 [propext,
 Classical.choice,
 Quot.sound]
QUADRATIC8_CACHED_AXIOMS PBCounterexample.FinitePolynomialSignPartition.mk._flat_ctor [propext,
 Classical.choice,
 Quot.sound]
QUADRATIC8_CACHED_AXIOMS PBCounterexample.FinitePolynomialSignPartition.realization_covers [propext,
 Classical.choice,
 Quot.sound]
QUADRATIC8_CACHED_AXIOMS PBCounterexample.FinitePolynomialSignPartition.ctorIdx [propext, Classical.choice, Quot.sound]
QUADRATIC8_CACHED_AXIOMS PBCounterexample.FinitePolynomialSignPartition._sizeOf_inst [propext,
 Classical.choice,
 Quot.sound]
QUADRATIC8_CACHED_AXIOMS PBCounterexample.FinitePolynomialSignPartition.noConfusionType [propext,
 Classical.choice,
 Quot.sound]
QUADRATIC8_CACHED_AXIOMS PBCounterexample.FinitePolynomialSignPartition.agrees_on_entire_realization [propext,
 Classical.choice,
 Quot.sound]
QUADRATIC8_CACHED_AXIOMS PBCounterexample.PolynomialSelection.signPartition._proof_2 [propext,
 Classical.choice,
 Quot.sound]
QUADRATIC8_CACHED_AXIOMS PBCounterexample.PolynomialSelection.signPartition._proof_3 [propext,
 Classical.choice,
 Quot.sound]
QUADRATIC8_CACHED_AXIOMS PBCounterexample.PolynomialSelection.signPartition [propext, Classical.choice, Quot.sound]
QUADRATIC8_CACHED_AXIOMS PBCounterexample.FinitePolynomialSignPartition.semialgebraic_realization [propext,
 Classical.choice,
 Quot.sound]
QUADRATIC8_CACHED_AXIOMS PBCounterexample.FinitePolynomialSignPartition.mk [propext, Classical.choice, Quot.sound]
QUADRATIC8_CACHED_AXIOMS PBCounterexample.FinitePolynomialSignPartition.semialgebraic_realization._simp_1_6 [propext,
 Classical.choice,
 Quot.sound]
QUADRATIC8_CACHED_AXIOMS PBCounterexample.FinitePolynomialSignPartition.semialgebraic_realization._simp_1_4 [propext,
 Classical.choice,
 Quot.sound]
QUADRATIC8_CACHED_AXIOMS PBCounterexample.FinitePolynomialSignPartition.semialgebraic_realization._simp_1_2 [propext,
 Classical.choice,
 Quot.sound]
QUADRATIC8_CACHED_AXIOMS PBCounterexample.PolynomialSelection.exists_label_for_sign_realization [propext,
 Classical.choice,
 Quot.sound]
QUADRATIC8_CACHED_AXIOMS PBCounterexample.FinitePolynomialSignPartition.mk.inj [propext, Classical.choice, Quot.sound]
QUADRATIC8_CACHED_AXIOMS PBCounterexample.FinitePolynomialSignPartition.label_degree [propext,
 Classical.choice,
 Quot.sound]
QUADRATIC8_CACHED_AXIOMS PBCounterexample.PolynomialSelection.signTestIndex_card_sixteen [propext,
 Classical.choice,
 Quot.sound]
QUADRATIC8_CACHED_AXIOMS _private.PBCounterexample.QuadraticSignPartition.0.PBCounterexample.PolynomialSelection.comparison_iff_of_same_signs._simp_1_2 [propext]
QUADRATIC8_CACHED_AXIOMS _private.PBCounterexample.QuadraticSignPartition.0.PBCounterexample.PolynomialSelection.comparison_iff_of_same_signs._simp_1_4 [propext]
QUADRATIC8_CACHED_AXIOMS PBCounterexample.FinitePolynomialSignPartition.test_degree [propext,
 Classical.choice,
 Quot.sound]
QUADRATIC8_CACHED_AXIOMS PBCounterexample.FinitePolynomialSignPartition.label [propext, Classical.choice, Quot.sound]
QUADRATIC8_CACHED_AXIOMS _private.PBCounterexample.QuadraticSignPartition.0.PBCounterexample.PolynomialSelection.comparison_iff_of_same_signs [propext,
 Classical.choice,
 Quot.sound]
QUADRATIC8_CACHED_AXIOMS PBCounterexample.FinitePolynomialSignPartition.mk.noConfusion [propext,
 Classical.choice,
 Quot.sound]
QUADRATIC8_CACHED_AXIOMS _private.PBCounterexample.QuadraticSignPartition.0.PBCounterexample.PolynomialSelection.active_iff_of_same_signs [propext,
 Classical.choice,
 Quot.sound]
QUADRATIC8_CACHED_AXIOMS PBCounterexample.FinitePolynomialSignPartition._sizeOf_1 [propext,
 Classical.choice,
 Quot.sound]
QUADRATIC8_CACHED_AXIOMS PBCounterexample.PolynomialSelection.signPartition._proof_4 [propext,
 Classical.choice,
 Quot.sound]
QUADRATIC8_CACHED_AXIOMS PBCounterexample.PolynomialSelection.signPartition._proof_1 [propext,
 Classical.choice,
 Quot.sound]
QUADRATIC8_CACHED_AXIOMS PBCounterexample.FinitePolynomialSignPartition.mk.injEq [propext, Classical.choice, Quot.sound]
QUADRATIC8_CACHED_AXIOMS PBCounterexample.FinitePolynomialSignPartition.realization [propext,
 Classical.choice,
 Quot.sound]
QUADRATIC8_CACHED_AXIOMS PBCounterexample.PolynomialSelection.signTest.match_1 []
QUADRATIC8_CACHED_AXIOMS PBCounterexample.PolynomialSelection.SignTestIndex []
QUADRATIC8_CACHED_AXIOMS PBCounterexample.PolynomialSelection.signTest [propext, Classical.choice, Quot.sound]
QUADRATIC8_CACHED_AXIOMS PBCounterexample.FinitePolynomialSignPartition.noConfusion [propext,
 Classical.choice,
 Quot.sound]
QUADRATIC8_CACHED_AXIOMS _private.PBCounterexample.QuadraticSignPartition.0.PBCounterexample.PolynomialSelection.minimum_positive_iff [propext,
 Classical.choice,
 Quot.sound]
QUADRATIC8_CACHED_AXIOMS PBCounterexample.FinitePolynomialSignPartition.count [propext, Classical.choice, Quot.sound]
QUADRATIC8_CACHED_AXIOMS PBCounterexample.FinitePolynomialSignPartition.recOn [propext, Classical.choice, Quot.sound]
QUADRATIC8_CACHED_AXIOMS PBCounterexample.FinitePolynomialSignPartition.test [propext, Classical.choice, Quot.sound]
QUADRATIC8_CACHED_AXIOMS PBCounterexample.FinitePolynomialSignPartition.semialgebraic_realization._simp_1_1 [propext]
QUADRATIC8_CACHED_AXIOMS PBCounterexample.PolynomialSelection.exists_label_for_same_signs [propext,
 Classical.choice,
 Quot.sound]
QUADRATIC8_CACHED_AXIOMS PBCounterexample.PolynomialSelection.signTest_degree [propext, Classical.choice, Quot.sound]
QUADRATIC8_CACHED_AXIOMS PBCounterexample.FinitePolynomialSignPartition.realization_disjoint [propext,
 Classical.choice,
 Quot.sound]
QUADRATIC8_CACHED_AXIOMS PBCounterexample.FinitePolynomialSignPartition.semialgebraic_realization._simp_1_3 [propext,
 Classical.choice,
 Quot.sound]
QUADRATIC8_CACHED_AXIOMS PBCounterexample.FinitePolynomialSignPartition.rec [propext, Classical.choice, Quot.sound]
QUADRATIC8_CACHED_AXIOMS PBCounterexample.FinitePolynomialSignPartition.semialgebraic_realization._simp_1_5 [propext]
QUADRATIC8_CACHED_AXIOMS PBCounterexample.FinitePolynomialSignPartition [propext, Classical.choice, Quot.sound]
QUADRATIC8_CACHED_AXIOMS _private.PBCounterexample.QuadraticSignPartition.0.PBCounterexample.PolynomialSelection.comparison_iff_of_same_signs._simp_1_3 [propext,
 Classical.choice,
 Quot.sound]
QUADRATIC8_CACHED_AXIOMS PBCounterexample.Quadratic8.cofactor2_homogeneous [propext, Classical.choice, Quot.sound]
QUADRATIC8_CACHED_AXIOMS PBCounterexample.Quadratic8.cofactor1_degree [propext, Classical.choice, Quot.sound]
QUADRATIC8_CACHED_AXIOMS PBCounterexample.Quadratic8.signPartition_test_degree [propext, Classical.choice, Quot.sound]
QUADRATIC8_CACHED_AXIOMS PBCounterexample.Quadratic8.lift_degree_le [propext, Classical.choice, Quot.sound]
QUADRATIC8_CACHED_AXIOMS PBCounterexample.Quadratic8.minimum.eq_1 [propext, Classical.choice, Quot.sound]
QUADRATIC8_CACHED_AXIOMS PBCounterexample.Quadratic8.indexedMinimum_eq [propext, Classical.choice, Quot.sound]
QUADRATIC8_CACHED_AXIOMS PBCounterexample.Quadratic8.indexed_f_eq [propext, Classical.choice, Quot.sound]
QUADRATIC8_CACHED_AXIOMS PBCounterexample.Quadratic8.indexedSignPartition._proof_1 [propext]
QUADRATIC8_CACHED_AXIOMS PBCounterexample.Quadratic8.indexedLabelPolynomial.eq_1 [propext, Classical.choice, Quot.sound]
QUADRATIC8_CACHED_AXIOMS PBCounterexample.Quadratic8.cofactor1_homogeneous [propext, Classical.choice, Quot.sound]
QUADRATIC8_CACHED_AXIOMS PBCounterexample.Quadratic8.labelPolynomial_degree [propext, Classical.choice, Quot.sound]
QUADRATIC8_CACHED_AXIOMS PBCounterexample.Quadratic8.signPartition_count [propext, Classical.choice, Quot.sound]
QUADRATIC8_CACHED_AXIOMS PBCounterexample.Quadratic8.signPartition_label_degree [propext, Classical.choice, Quot.sound]
QUADRATIC8_CACHED_AXIOMS PBCounterexample.Quadratic8.base_labelPolynomial_degree [propext, Classical.choice, Quot.sound]
QUADRATIC8_CACHED_AXIOMS PBCounterexample.Quadratic8.orientationPolynomial_homogeneous [propext,
 Classical.choice,
 Quot.sound]
QUADRATIC8_CACHED_AXIOMS PBCounterexample.Quadratic8.f.eq_1 [propext, Classical.choice, Quot.sound]
QUADRATIC8_CACHED_AXIOMS PBCounterexample.Quadratic8.labelEquiv [propext, Classical.choice, Quot.sound]
QUADRATIC8_CACHED_AXIOMS PBCounterexample.Quadratic8.indexedLabelPolynomial_degree [propext,
 Classical.choice,
 Quot.sound]
QUADRATIC8_CACHED_AXIOMS PBCounterexample.Quadratic8.agrees_on_entire_sign_realization [propext,
 Classical.choice,
 Quot.sound]
QUADRATIC8_CACHED_AXIOMS PBCounterexample.Quadratic8.indexedLabelPolynomial [propext, Classical.choice, Quot.sound]
QUADRATIC8_CACHED_AXIOMS PBCounterexample.Quadratic8.signPartition._proof_2 [propext, Classical.choice, Quot.sound]
QUADRATIC8_CACHED_AXIOMS PBCounterexample.Quadratic8.signPartition._proof_3 [propext, Classical.choice, Quot.sound]
QUADRATIC8_CACHED_AXIOMS PBCounterexample.Quadratic8.errorPolynomial_degree [propext, Classical.choice, Quot.sound]
QUADRATIC8_CACHED_AXIOMS PBCounterexample.Quadratic8.signPartition._proof_1 [propext, Classical.choice, Quot.sound]
QUADRATIC8_CACHED_AXIOMS PBCounterexample.Quadratic8.signPartition [propext, Classical.choice, Quot.sound]
QUADRATIC8_CACHED_AXIOMS PBCounterexample.Quadratic8.orientationPolynomial_degree [propext,
 Classical.choice,
 Quot.sound]
QUADRATIC8_CACHED_AXIOMS PBCounterexample.Quadratic8.cofactor2_degree [propext, Classical.choice, Quot.sound]
QUADRATIC8_CACHED_AXIOMS PBCounterexample.Quadratic8.indexedSignPartition [propext, Classical.choice, Quot.sound]
QUADRATIC8_CACHED_AXIOMS PBCounterexample.Quadratic8.orientation_ne_zero [propext, Classical.choice, Quot.sound]
QUADRATIC8_CACHED_AXIOMS PBCounterexample.Quadratic8.exists_whole_space_counterexample [propext,
 Classical.choice,
 Quot.sound]
QUADRATIC8_CACHED_AXIOMS PBCounterexample.Quadratic8.polynomialCover_count [propext, Classical.choice, Quot.sound]
QUADRATIC8_CACHED_AXIOMS PBCounterexample.Quadratic8.polynomialCover_degree [propext, Classical.choice, Quot.sound]
QUADRATIC8_CACHED_AXIOMS PBCounterexample.Quadratic8.polynomialCover._proof_1 [propext]
QUADRATIC8_CACHED_AXIOMS PBCounterexample.Quadratic8.polynomialCover [propext, Classical.choice, Quot.sound]
QUADRATIC8_CACHED_AXIOMS PBCounterexample.Quadratic8.continuous_f [propext, Classical.choice, Quot.sound]
QUADRATIC8_CACHED_AXIOMS PBCounterexample.Quadratic8.whole_space_counterexample [propext, Classical.choice, Quot.sound]
QUADRATIC8_STANDARD_AXIOM_SCHEMA_OK propext origin=Init.Core TYPE ∀ {a b : Prop}, (a ↔ b) → a = b
QUADRATIC8_STANDARD_AXIOM_SCHEMA_OK Classical.choice origin=Init.Prelude TYPE {α : Sort u} → Nonempty α → α
QUADRATIC8_STANDARD_AXIOM_SCHEMA_OK Quot.sound origin=Init.Core TYPE ∀ {α : Sort u} {r : α → α → Prop} {a b : α},
  r a b → Quot.mk r a = Quot.mk r b
QUADRATIC8_INDEPENDENT_RAW_AUDIT_OK roots=926 effective_constants=37598 combined_constants=37598 definitions=8150 theorems=27476 stored_proof_variants=1 axioms=[propext,
 Classical.choice,
 Quot.sound]
QUADRATIC8_FINAL_TYPE PBCounterexample.Quadratic8.whole_space_counterexample Continuous PBCounterexample.Quadratic8.f ∧
  (∃ P, P.count = 137) ∧
    (∃ C, C.count = 17 ∧ ∀ (i : Fin C.count), (C.label i).totalDegree ≤ 2) ∧
      ¬PBCounterexample.IsPolynomialLattice PBCounterexample.Quadratic8.f
QUADRATIC8_FINAL_TYPE PBCounterexample.Quadratic8.exists_whole_space_counterexample ∃ g,
  Continuous g ∧
    (∃ P, P.count = 137) ∧
      (∃ C, C.count = 17 ∧ ∀ (i : Fin C.count), (C.label i).totalDegree ≤ 2) ∧ ¬PBCounterexample.IsPolynomialLattice g
QUADRATIC8_FINAL_TYPE PBCounterexample.Quadratic8.not_isPolynomialLattice ¬PBCounterexample.IsPolynomialLattice
    PBCounterexample.Quadratic8.f
QUADRATIC8_FINAL_TYPE PBCounterexample.Quadratic8.not_finite_sup_inf_polynomials ∀ {ι : Type u_1} {κ : Type u_2}
  (S : Finset ι) (hS : S.Nonempty) (T : ι → Finset κ) (hT : ∀ (i : ι), (T i).Nonempty)
  (p : ι → κ → PBCounterexample.Quadratic8.Poly),
  ¬∀ (z : PBCounterexample.Quadratic8.Coord),
      PBCounterexample.Quadratic8.f z = S.sup' hS fun i => (T i).inf' ⋯ fun j => (MvPolynomial.eval z) (p i j)
QUADRATIC8_FINAL_TYPE PBCounterexample.Quadratic8.f_graph ∀ (w : PBCounterexample.Gram6.Coord),
  PBCounterexample.Quadratic8.f (PBCounterexample.Quadratic8.graph w) = PBCounterexample.Gram6.f w
QUADRATIC8_FINAL_TYPE PBCounterexample.Quadratic8.minimum_eq ∀ (z : PBCounterexample.Quadratic8.Coord),
  PBCounterexample.Quadratic8.minimum z =
    PBCounterexample.Gram6.minimum (PBCounterexample.Quadratic8.baseProjection z) -
      8 *
        max |(MvPolynomial.eval z) (PBCounterexample.Quadratic8.errorPolynomial 0)|
          |(MvPolynomial.eval z) (PBCounterexample.Quadratic8.errorPolynomial 1)|
QUADRATIC8_FINAL_TYPE PBCounterexample.Quadratic8.orientation_ne_zero ∀ {z : PBCounterexample.Quadratic8.Coord},
  0 < PBCounterexample.Quadratic8.minimum z →
    (MvPolynomial.eval z) PBCounterexample.Quadratic8.orientationPolynomial ≠ 0
QUADRATIC8_FINAL_TYPE PBCounterexample.Quadratic8.continuous_f Continuous PBCounterexample.Quadratic8.f
QUADRATIC8_FINAL_TYPE PBCounterexample.Quadratic8.signPartition_count PBCounterexample.Quadratic8.signPartition.count =
  137
QUADRATIC8_FINAL_TYPE PBCounterexample.Quadratic8.agrees_on_entire_sign_realization ∀
  (s : Fin PBCounterexample.Quadratic8.signPartition.count → SignType) (z : PBCounterexample.Quadratic8.Coord),
  (∀ (i : Fin PBCounterexample.Quadratic8.signPartition.count),
      SignType.sign ((MvPolynomial.eval z) (PBCounterexample.Quadratic8.signPartition.test i)) = s i) →
    PBCounterexample.Quadratic8.f z = (MvPolynomial.eval z) (PBCounterexample.Quadratic8.signPartition.label s)
QUADRATIC8_FINAL_TYPE PBCounterexample.Quadratic8Geometry.determinant_bound ∀ (w : PBCounterexample.Gram6.Coord),
  0 < PBCounterexample.Gram6.minimum w →
    PBCounterexample.Gram6.minimum w / 4 * √(w 2 ^ 2 + (w 5 / 2) ^ 2) ≤ |(PBCounterexample.Gram6.aMatrix w).det|
QUADRATIC8_FINAL_TYPE PBCounterexample.Gram6.whole_space_counterexample Continuous PBCounterexample.Gram6.f ∧
  (∃ C, C.count = 5 ∧ ∀ (i : Fin C.count), (C.label i).IsHomogeneous 2) ∧
    ¬PBCounterexample.IsPolynomialLattice PBCounterexample.Gram6.f
QUADRATIC8_FINAL_TYPE PBCounterexample.Gram6.exists_whole_space_counterexample ∃ g,
  Continuous g ∧
    (∃ C, C.count = 5 ∧ ∀ (i : Fin C.count), (C.label i).IsHomogeneous 2) ∧ ¬PBCounterexample.IsPolynomialLattice g
QUADRATIC8_FINAL_TYPE PBCounterexample.Gram6.not_finite_sup_inf_polynomials ∀ {ι : Type u_1} {κ : Type u_2}
  (S : Finset ι) (hS : S.Nonempty) (T : ι → Finset κ) (hT : ∀ (i : ι), (T i).Nonempty)
  (p : ι → κ → MvPolynomial (Fin 6) ℝ),
  ¬∀ (z : Fin 6 → ℝ),
      PBCounterexample.Gram6.f z = S.sup' hS fun i => (T i).inf' ⋯ fun j => (MvPolynomial.eval z) (p i j)
QUADRATIC8_FINAL_TYPE PBCounterexample.Gram6.not_isPolynomialLattice ¬PBCounterexample.IsPolynomialLattice
    PBCounterexample.Gram6.f
QUADRATIC8_FINAL_TYPE PBCounterexample.Gram6.exists_same_homogeneous_signs_different_f ∀
  (S : Finset (MvPolynomial (Fin 6) ℝ)),
  (∀ p ∈ S, p.IsHomogeneous 1 ∨ p.IsHomogeneous 2) →
    ∃ v w,
      (∀ p ∈ S, ((MvPolynomial.eval v) p).sign = ((MvPolynomial.eval w) p).sign) ∧
        0 < PBCounterexample.Gram6.f v ∧ PBCounterexample.Gram6.f w = 0
QUADRATIC8_FINAL_TYPE PBCounterexample.Gram6.exists_opposite_corrected_gram_paths ∀ (t ρ δ : ℝ),
  0 < ρ →
    0 < δ →
      ∃ zPlus zMinus,
        zPlus 0 = 0 ∧
          zMinus 0 = 0 ∧
            ContDiffAt ℝ (↑⊤) zPlus 0 ∧
              ContDiffAt ℝ (↑⊤) zMinus 0 ∧
                Filter.Tendsto zPlus (nhds 0) (nhds 0) ∧
                  Filter.Tendsto zMinus (nhds 0) (nhds 0) ∧
                    ∀ᶠ (ε : ℝ) in nhds 0,
                      PBCounterexample.Gram6.gramMatrix
                            (ρ • PBCounterexample.Gram6.curve t +
                              ε •
                                (PBCounterexample.Gram6.normalDirection t ρ +
                                    δ • PBCounterexample.Gram6.kernelDirection t +
                                  zPlus ε)) =
                          ε • PBCounterexample.Gram6.rankOneTarget +
                            (ε ^ 2 * δ ^ 2) • PBCounterexample.Gram6.interiorTarget ∧
                        PBCounterexample.Gram6.gramMatrix
                            (ρ • PBCounterexample.Gram6.curve t +
                              ε •
                                (PBCounterexample.Gram6.normalDirection t ρ -
                                    δ • PBCounterexample.Gram6.kernelDirection t +
                                  zMinus ε)) =
                          ε • PBCounterexample.Gram6.rankOneTarget +
                            (ε ^ 2 * δ ^ 2) • PBCounterexample.Gram6.interiorTarget
QUADRATIC8_FINAL_TYPE PBCounterexample.Gram6.homogeneous_quadratic_original_kernel_iff ∀ (p : MvPolynomial (Fin 6) ℝ),
  (p.IsHomogeneous 2 ∧
      (∀ (t : ℝ), (MvPolynomial.eval (PBCounterexample.Gram6.curve t)) p = 0) ∧
        ∀ (t : ℝ), (MvPolynomial.eval (PBCounterexample.Gram6.curveTangent t)) p = 0) ↔
    ∃ a b c,
      p =
        MvPolynomial.C a * PBCounterexample.Gram6.gramPolynomial 0 0 +
            MvPolynomial.C b * PBCounterexample.Gram6.gramPolynomial 0 1 +
          MvPolynomial.C c * (PBCounterexample.Gram6.gramPolynomial 1 2 + PBCounterexample.Gram6.gramPolynomial 2 2)
QUADRATIC8_FINAL_TYPE PBCounterexample.homogeneous_lattice_finite_homogeneous_sign_condition ∀ {σ : Type u_1}
  (g : (σ → ℝ) → ℝ),
  (∀ (t : ℝ), 0 < t → ∀ (z : σ → ℝ), (g fun i => t * z i) = t ^ 2 * g z) →
    PBCounterexample.IsPolynomialLattice g →
      ∃ S,
        (∀ p ∈ S, p.IsHomogeneous 1 ∨ p.IsHomogeneous 2) ∧
          ∀ (z w : σ → ℝ),
            (∀ p ∈ S, ((MvPolynomial.eval z) p).sign = ((MvPolynomial.eval w) p).sign) → (g z).sign = (g w).sign
QUADRATIC8_STORED_PROOF_VARIANT_KERNEL_OK stored=PBCounterexample.PolynomialSubstitution original=PBCounterexample.LatticeExpr.eval.eq_def fresh_check=Quadratic8IndependentStoredProof.checked.0
QUADRATIC8_INDEPENDENT_EMPTY_KERNEL_REPLAY_OK roots=926 supplied_constants=37598 stored_proof_variants=1 axioms=[propext,
 Classical.choice,
 Quot.sound]
QUADRATIC8_AUDIT_STAGE trust-zero entry
QUADRATIC8_AUDIT_STAGE initial negative controls complete
QUADRATIC8_AUDIT_STAGE project inventory complete; roots=926; stored_variants=1
QUADRATIC8_AUDIT_STAGE effective raw dependency traversal complete; constants=37598
QUADRATIC8_AUDIT_STAGE all stored variant raw traversals complete; combined_constants=37598
QUADRATIC8_KERNEL_NEGATIVE_CONTROL_OK invalid proof rejected: while replaying declaration 'Quadratic8AuditNegative.invalidProof':
(kernel) declaration type mismatch, 'Quadratic8AuditNegative.invalidProof' has type
  True
but it is expected to have type
  False
QUADRATIC8_KERNEL_NEGATIVE_CONTROL_OK invalid alternate stored body rejected: (kernel) declaration type mismatch, 'Quadratic8AuditNegative.freshInvalidDuplicate' has type
  Nat
but it is expected to have type
  True
QUADRATIC8_AUDIT_STAGE both kernel negative controls complete
QUADRATIC8_AUDIT_STAGE empty trust-zero kernel replay begins
QUADRATIC8_AUDIT_STAGE effective closure and all additional stored-proof dependencies replayed
QUADRATIC8_AUDIT_STAGE stored proof kernel check begins: PBCounterexample.PolynomialSubstitution PBCounterexample.LatticeExpr.eval.eq_def
QUADRATIC8_AUDIT_STAGE every retained stored proof body kernel-checked
QUADRATIC8_FROZEN_SOURCE_BUILD_AND_VERIFICATION_COMPLETE
FINAL_VERIFICATION_EXIT=0
